INSERT INTO public.arclib_producer(id, created, updated, deleted, name, transfer_area_path) VALUES ('aa7ddcc5-5b81-4747-bfeb-1850d952a359', '2018-03-08 08:00:00', '2018-03-08 08:00:00', null, 'Producer 1', 'prod1');
INSERT INTO public.arclib_producer(id, created, updated, deleted, name, transfer_area_path) VALUES ('0942d666-011b-4724-8b2e-52f084480075', '2018-03-07 12:00:00', '2018-03-07 14:30:00', null, 'Producer 2', 'prod2');

--analyst
INSERT INTO public.arclib_role(id, created, updated, deleted, name, description) VALUES ('d3554950-28d6-4c92-91e4-f92a98bb8af0', '2018-03-08 10:00:00', '2018-03-08 10:00:00', null, 'ROLE_ANALYST', 'analyst');
INSERT INTO public.arclib_user (id, "username", created, updated, deleted, producer_id,ldap_dn)
VALUES('d0e40e7b-d31b-46ba-8bf0-3c3fd9e3c25e', 'arc-analyst', '2018-03-08 08:00:00', '2018-03-08 08:00:00', null, 'aa7ddcc5-5b81-4747-bfeb-1850d952a359','uid=arc-analyst,ou=people,dc=inqool,dc=cz');
INSERT INTO public.arclib_assigned_role(id, user_id, role_id) VALUES ('27694acb-1b1b-4210-a876-c86d9386091f', 'd0e40e7b-d31b-46ba-8bf0-3c3fd9e3c25e', 'd3554950-28d6-4c92-91e4-f92a98bb8af0');

--editor and also deletionacknowledge
INSERT INTO public.arclib_role(id, created, updated, deleted, name, description) VALUES ('50993bc1-178e-48c1-8ab6-79c00cdd359e', '2018-03-08 10:00:00', '2018-03-08 10:00:00', null, 'ROLE_EDITOR', 'editor');
INSERT INTO public.arclib_role(id, created, updated, deleted, name, description) VALUES ('1b5d1578-345f-43dd-a03f-9daf32518872', '2018-03-08 10:00:00', '2018-03-08 10:00:00', null, 'ROLE_DELETION_ACKNOWLEDGE', 'deletion acknowledge');
INSERT INTO public.arclib_user (id, "username", created, updated, deleted, producer_id, ldap_dn)
VALUES('22ac7925-47bf-491a-b123-d74f07902b7f', 'arc-editor', '2018-03-08 09:00:00', '2018-03-08 09:00:00', null, 'aa7ddcc5-5b81-4747-bfeb-1850d952a359','uid=arc-editor,ou=people,dc=inqool,dc=cz');
INSERT INTO public.arclib_assigned_role(id, user_id, role_id) VALUES ('c007029b-3c1f-4cc7-842e-6c4e2004da41', '22ac7925-47bf-491a-b123-d74f07902b7f', '50993bc1-178e-48c1-8ab6-79c00cdd359e');
INSERT INTO public.arclib_assigned_role(id, user_id, role_id) VALUES ('f70fd19e-82fa-4d2c-b751-9b1613442474', '22ac7925-47bf-491a-b123-d74f07902b7f', '1b5d1578-345f-43dd-a03f-9daf32518872');

--archivist and also deletionacknowledge
INSERT INTO public.arclib_user (id, "username", created, updated, deleted, producer_id, ldap_dn)
VALUES('fa55d8ff-4b8c-47e3-a887-b12201a9de13', 'arc-archivist', '2018-03-08 10:00:00', '2018-03-08 10:00:00', null, 'aa7ddcc5-5b81-4747-bfeb-1850d952a359','uid=arc-archivist,ou=people,dc=inqool,dc=cz');
INSERT INTO public.arclib_role(id, created, updated, deleted, name, description) VALUES ('15ad12fb-9199-42d1-882e-600a4b401abd', '2018-03-08 10:00:00', '2018-03-08 10:00:00', null, 'ROLE_ARCHIVIST', 'archivist');
INSERT INTO public.arclib_assigned_role(id, user_id, role_id) VALUES ('aad1b5fa-0d1f-4e12-8d03-27f28ab23015', 'fa55d8ff-4b8c-47e3-a887-b12201a9de13', '15ad12fb-9199-42d1-882e-600a4b401abd');
INSERT INTO public.arclib_assigned_role(id, user_id, role_id) VALUES ('73d48006-4a39-4ccf-8f94-9b8604981647', 'fa55d8ff-4b8c-47e3-a887-b12201a9de13', '1b5d1578-345f-43dd-a03f-9daf32518872');

--admin
INSERT INTO public.arclib_role(id, created, updated, deleted, name, description) VALUES ('27029650-2658-47c2-92e7-12fd513735e0', '2018-03-08 10:00:00', '2018-03-08 10:00:00', null, 'ROLE_ADMIN', 'admin');
INSERT INTO public.arclib_user (id, "username", created, updated, deleted, producer_id, ldap_dn)
VALUES('13316037-cfb7-4e05-b78d-ccd4d3ff4201', 'arc-admin', '2018-03-08 09:00:00', '2018-03-08 09:00:00', null, '0942d666-011b-4724-8b2e-52f084480075','uid=arc-admin,ou=people,dc=inqool,dc=cz');
INSERT INTO public.arclib_assigned_role(id, user_id, role_id) VALUES ('85156785-a8e4-46cf-bff8-d1db57d021d2', '13316037-cfb7-4e05-b78d-ccd4d3ff4201', '27029650-2658-47c2-92e7-12fd513735e0');

--superadmin
INSERT INTO public.arclib_role(id, created, updated, deleted, name, description) VALUES ('71f9dcb8-5a46-4735-abc4-853a98d9b0dd', '2018-03-08 10:00:00', '2018-03-08 10:00:00', null, 'ROLE_SUPER_ADMIN', 'super admin');
INSERT INTO public.arclib_user (id, "username", created, updated, deleted, producer_id, ldap_dn)
VALUES('1025d92b-4490-4485-b0a3-a5d8341d58d2', 'arc-superadmin', '2018-03-08 10:00:00', '2018-03-08 10:00:00', null, null,'uid=arc-superadmin,ou=people,dc=inqool,dc=cz');
INSERT INTO public.arclib_assigned_role(id, user_id, role_id) VALUES ('f8469750-e1ba-4473-98c2-e8a3d0e63865', '1025d92b-4490-4485-b0a3-a5d8341d58d2', '71f9dcb8-5a46-4735-abc4-853a98d9b0dd');

--admin and also archivist, editor, analyst, superadmin, deletionacknowledge
INSERT INTO public.arclib_user (id, "username", created, updated, deleted, producer_id,ldap_dn)
VALUES('8ccec52b-fd85-49a4-bc0b-aaa56822701e', 'arc-bob', '2018-03-08 08:00:00', '2018-03-08 08:00:00', null, 'aa7ddcc5-5b81-4747-bfeb-1850d952a359','uid=arc-bob,ou=people,dc=inqool,dc=cz');
INSERT INTO public.arclib_assigned_role(id, user_id, role_id) VALUES ('40f96d8e-a477-49fd-b1f7-d53ddabdb18d', '8ccec52b-fd85-49a4-bc0b-aaa56822701e', '27029650-2658-47c2-92e7-12fd513735e0');
INSERT INTO public.arclib_assigned_role(id, user_id, role_id) VALUES ('87a7b141-f080-488a-85a0-0f5d84349323', '8ccec52b-fd85-49a4-bc0b-aaa56822701e', '15ad12fb-9199-42d1-882e-600a4b401abd');
INSERT INTO public.arclib_assigned_role(id, user_id, role_id) VALUES ('9b371667-060e-4644-97fe-1717250753f8', '8ccec52b-fd85-49a4-bc0b-aaa56822701e', '50993bc1-178e-48c1-8ab6-79c00cdd359e');
INSERT INTO public.arclib_assigned_role(id, user_id, role_id) VALUES ('5f49b7dc-4a9b-4e69-bdd0-718e16c1eede', '8ccec52b-fd85-49a4-bc0b-aaa56822701e', 'd3554950-28d6-4c92-91e4-f92a98bb8af0');
INSERT INTO public.arclib_assigned_role(id, user_id, role_id) VALUES ('c61f8c8f-41f2-4ef7-adb2-85ac464e5413', '8ccec52b-fd85-49a4-bc0b-aaa56822701e', '71f9dcb8-5a46-4735-abc4-853a98d9b0dd');
INSERT INTO public.arclib_assigned_role(id, user_id, role_id) VALUES ('e2c62f1a-3c92-43c0-bbb1-54e8b4f3faeb', '8ccec52b-fd85-49a4-bc0b-aaa56822701e', '1b5d1578-345f-43dd-a03f-9daf32518872');

INSERT INTO public.arclib_validation_profile(id, created, updated, deleted, "xml","name") VALUES ('7916f84a-8958-4427-9c3c-6232f5326237', '2018-03-08 08:00:00', '2018-03-08 08:00:00', null, '<?xml version="1.0"?>' ||chr(13)||chr(10)|| '<profile xmlns="http://www.arclib.lib.cas.cz/VALIDATION_PROFILE">' ||chr(13)||chr(10)||'  <rule>' ||chr(13)||chr(10)|| '    <nodeCheck>' ||chr(13)||chr(10)|| '      <filePathGlobPattern>alto/alto_7033d800-0935-11e4-beed-5ef3fc9ae867_0001.xml</filePathGlobPattern>' ||chr(13)||chr(10)|| '      <xPath>/alto/Description/MeasurementUnit</xPath>' ||chr(13)||chr(10)|| '      <value>pixel</value>' ||chr(13)||chr(10)|| '    </nodeCheck>' ||chr(13)||chr(10)|| '  </rule>' ||chr(13)||chr(10)|| '  <rule>' ||chr(13)||chr(10)|| '    <nodeCheck>' ||chr(13)||chr(10)|| '      <filePathGlobPattern>amdsec/amd_mets_7033d800-0935-11e4-beed-5ef3fc9ae867_0001.xml</filePathGlobPattern>' ||chr(13)||chr(10)|| '      <xPath>/mets/metsHdr/agent/name</xPath>' ||chr(13)||chr(10)|| '      <regex>.*001</regex>' ||chr(13)||chr(10)|| '    </nodeCheck>' ||chr(13)||chr(10)|| '  </rule>' ||chr(13)||chr(10)|| '  <rule>' ||chr(13)||chr(10)|| '    <fileExistenceCheck>' ||chr(13)||chr(10)|| '      <filePathGlobPattern>info_7033d800-0935-11e4-beed-5ef3fc9ae867.xml</filePathGlobPattern>' ||chr(13)||chr(10)|| '    </fileExistenceCheck>' ||chr(13)||chr(10)|| '  </rule>' ||chr(13)||chr(10)|| '</profile>','Validation profile 1');
INSERT INTO public.arclib_validation_profile(id, created, updated, deleted, "xml","name") VALUES ('11d925f6-b5bf-4c28-873f-9ab0f09e1155', '2018-03-07 12:00:00', '2018-03-07 12:00:00', null, '<?xml version="1.0"?>' ||chr(13)||chr(10)|| '<profile xmlns="http://www.arclib.lib.cas.cz/VALIDATION_PROFILE">' ||chr(13)||chr(10)|| '  <rule>' ||chr(13)||chr(10)|| '    <nodeCheck>' ||chr(13)||chr(10)|| '      <filePathGlobPattern>alto/alto_7033d800-0935-11e4-beed-5ef3fc9ae867_0001.xml</filePathGlobPattern>' ||chr(13)||chr(10)|| '      <xPath>/alto/Description/MeasurementUnit</xPath>' ||chr(13)||chr(10)|| '      <value>pixel</value>' ||chr(13)||chr(10)|| '    </nodeCheck>' ||chr(13)||chr(10)|| '  </rule>' ||chr(13)||chr(10)|| '  <rule>' ||chr(13)||chr(10)|| '    <nodeCheck>' ||chr(13)||chr(10)|| '      <filePathGlobPattern>amdsec/amd_mets_7033d800-0935-11e4-beed-5ef3fc9ae867_0001.xml</filePathGlobPattern>' ||chr(13)||chr(10)|| '      <xPath>/mets/metsHdr/agent/name</xPath>' ||chr(13)||chr(10)|| '      <regex>.*001</regex>' ||chr(13)||chr(10)|| '    </nodeCheck>' ||chr(13)||chr(10)|| '  </rule>' ||chr(13)||chr(10)|| '  <rule>' ||chr(13)||chr(10)|| '    <fileExistenceCheck>' ||chr(13)||chr(10)|| '      <filePathGlobPattern>info_7033d800-0935-11e4-beed-5ef3fc9ae867.xml</filePathGlobPattern>' ||chr(13)||chr(10)|| '    </fileExistenceCheck>' ||chr(13)||chr(10)|| '  </rule>' ||chr(13)||chr(10)|| '</profile>','Validation profile 2');

INSERT INTO public.arclib_workflow_definition(id, created, updated, deleted, bpmn_definition,"name") VALUES ('b1b6cc1a-0581-4e35-8b42-49e293753c16', '2018-03-08 08:00:00', '2018-03-08 08:00:00', null, '<?xml version="1.0" encoding="UTF-8"?>' ||chr(13)||chr(10)|| '<bpmn:definitions xmlns:bpmn="http://www.omg.org/spec/BPMN/20100524/MODEL" xmlns:bpmndi="http://www.omg.org/spec/BPMN/20100524/DI" xmlns:di="http://www.omg.org/spec/DD/20100524/DI" xmlns:dc="http://www.omg.org/spec/DD/20100524/DC" xmlns:xsi="http://www.w3.org/2001/XMLSchema-instance" xmlns:camunda="http://camunda.org/schema/1.0/bpmn" id="Definitions_1" targetNamespace="http://bpmn.io/schema/bpmn" exporter="Camunda Modeler" exporterVersion="2.0.3">' ||chr(13)||chr(10)|| '  <bpmn:process id="ingestWorkflow" isExecutable="true">' ||chr(13)||chr(10)|| '    <bpmn:startEvent id="init" name="init">' ||chr(13)||chr(10)|| '      <bpmn:outgoing>SequenceFlow_10xr812</bpmn:outgoing>' ||chr(13)||chr(10)|| '    </bpmn:startEvent>' ||chr(13)||chr(10)|| '    <bpmn:serviceTask id="antivirus" name="antivirus" camunda:asyncBefore="true" camunda:delegateExpression="${antivirusDelegate}">' ||chr(13)||chr(10)|| '      <bpmn:incoming>SequenceFlow_1qyy2bs</bpmn:incoming>' ||chr(13)||chr(10)|| '      <bpmn:outgoing>SequenceFlow_020l49h</bpmn:outgoing>' ||chr(13)||chr(10)|| '    </bpmn:serviceTask>' ||chr(13)||chr(10)|| '    <bpmn:serviceTask id="fixityGenerator" name="fixity generator" camunda:asyncBefore="true" camunda:delegateExpression="${fixityGeneratorDelegate}">' ||chr(13)||chr(10)|| '      <bpmn:incoming>SequenceFlow_118r7ij</bpmn:incoming>' ||chr(13)||chr(10)|| '      <bpmn:outgoing>SequenceFlow_1h30i5i</bpmn:outgoing>' ||chr(13)||chr(10)|| '    </bpmn:serviceTask>' ||chr(13)||chr(10)|| '    <bpmn:subProcess id="SubProcess_0m3ut3d" triggeredByEvent="true">' ||chr(13)||chr(10)|| '      <bpmn:startEvent id="bpmErrorStartEvent" name="bpm error start event">' ||chr(13)||chr(10)|| '        <bpmn:outgoing>SequenceFlow_14npmls</bpmn:outgoing>' ||chr(13)||chr(10)|| '        <bpmn:errorEventDefinition errorRef="Error_16v6tah" camunda:errorCodeVariable="errorCode" camunda:errorMessageVariable="errorMessage"/>' ||chr(13)||chr(10)|| '      </bpmn:startEvent>' ||chr(13)||chr(10)|| '      <bpmn:serviceTask id="bpmErrorHandler" name="bpm error handler" camunda:delegateExpression="${bpmErrorHandlerDelegate}">' ||chr(13)||chr(10)|| '        <bpmn:incoming>SequenceFlow_14npmls</bpmn:incoming>' ||chr(13)||chr(10)|| '        <bpmn:outgoing>SequenceFlow_0zt5now</bpmn:outgoing>' ||chr(13)||chr(10)|| '      </bpmn:serviceTask>' ||chr(13)||chr(10)|| '      <bpmn:endEvent id="bpmErrorEndEvent" name="bpm error end event">' ||chr(13)||chr(10)|| '        <bpmn:incoming>SequenceFlow_0zt5now</bpmn:incoming>' ||chr(13)||chr(10)|| '      </bpmn:endEvent>' ||chr(13)||chr(10)|| '      <bpmn:sequenceFlow id="SequenceFlow_14npmls" sourceRef="bpmErrorStartEvent" targetRef="bpmErrorHandler"/>' ||chr(13)||chr(10)|| '      <bpmn:sequenceFlow id="SequenceFlow_0zt5now" sourceRef="bpmErrorHandler" targetRef="bpmErrorEndEvent"/>' ||chr(13)||chr(10)|| '    </bpmn:subProcess>' ||chr(13)||chr(10)|| '    <bpmn:serviceTask id="validator" name="validator" camunda:asyncBefore="true" camunda:delegateExpression="${validatorDelegate}">' ||chr(13)||chr(10)|| '      <bpmn:incoming>SequenceFlow_1lv9rpm</bpmn:incoming>' ||chr(13)||chr(10)|| '      <bpmn:outgoing>SequenceFlow_118r7ij</bpmn:outgoing>' ||chr(13)||chr(10)|| '    </bpmn:serviceTask>' ||chr(13)||chr(10)|| '    <bpmn:serviceTask id="formatIdentification" name="format identifier" camunda:asyncBefore="true" camunda:delegateExpression="${formatIdentificationDelegate}">' ||chr(13)||chr(10)|| '      <bpmn:incoming>SequenceFlow_10xr812</bpmn:incoming>' ||chr(13)||chr(10)|| '      <bpmn:outgoing>SequenceFlow_1qyy2bs</bpmn:outgoing>' ||chr(13)||chr(10)|| '    </bpmn:serviceTask>' ||chr(13)||chr(10)|| '    <bpmn:serviceTask id="fixityCheck" name="fixity check" camunda:asyncBefore="true" camunda:delegateExpression="${fixityCheckerDelegate}">' ||chr(13)||chr(10)|| '      <bpmn:incoming>SequenceFlow_020l49h</bpmn:incoming>' ||chr(13)||chr(10)|| '      <bpmn:outgoing>SequenceFlow_1lv9rpm</bpmn:outgoing>' ||chr(13)||chr(10)|| '    </bpmn:serviceTask>' ||chr(13)||chr(10)|| '    <bpmn:sequenceFlow id="SequenceFlow_020l49h" sourceRef="antivirus" targetRef="fixityCheck"/>' ||chr(13)||chr(10)|| '    <bpmn:sequenceFlow id="SequenceFlow_1lv9rpm" sourceRef="fixityCheck" targetRef="validator"/>' ||chr(13)||chr(10)|| '    <bpmn:sequenceFlow id="SequenceFlow_118r7ij" sourceRef="validator" targetRef="fixityGenerator"/>' ||chr(13)||chr(10)|| '    <bpmn:subProcess id="SubProcess_07ljd3i" name="finalize ingest">' ||chr(13)||chr(10)|| '      <bpmn:incoming>SequenceFlow_1h30i5i</bpmn:incoming>' ||chr(13)||chr(10)|| '      <bpmn:serviceTask id="ServiceTask_0b2g5c0" name="ArclibXml generator" camunda:asyncBefore="true" camunda:delegateExpression="${arclibXmlGeneratorDelegate}">' ||chr(13)||chr(10)|| '        <bpmn:incoming>SequenceFlow_1iwnh8s</bpmn:incoming>' ||chr(13)||chr(10)|| '        <bpmn:outgoing>SequenceFlow_0n2wp4g</bpmn:outgoing>' ||chr(13)||chr(10)|| '      </bpmn:serviceTask>' ||chr(13)||chr(10)|| '      <bpmn:endEvent id="ingestSuccessEvent" name="ingest success event"><bpmn:extensionElements><camunda:executionListener delegateExpression="${ingestSuccessEventDelegate}" event="start" /></bpmn:extensionElements>' ||chr(13)||chr(10)|| '        <bpmn:incoming>SequenceFlow_0np9etf</bpmn:incoming>' ||chr(13)||chr(10)|| '      </bpmn:endEvent>' ||chr(13)||chr(10)|| '      <bpmn:exclusiveGateway id="ExclusiveGateway_16nlbuk" camunda:asyncBefore="true">' ||chr(13)||chr(10)|| '        <bpmn:extensionElements>' ||chr(13)||chr(10)|| '          <camunda:properties>' ||chr(13)||chr(10)|| '            <camunda:property/>' ||chr(13)||chr(10)|| '          </camunda:properties>' ||chr(13)||chr(10)|| '        </bpmn:extensionElements>' ||chr(13)||chr(10)|| '        <bpmn:incoming>SequenceFlow_1j4hj2j</bpmn:incoming>' ||chr(13)||chr(10)|| '        <bpmn:outgoing>SequenceFlow_1qfqjnh</bpmn:outgoing>' ||chr(13)||chr(10)|| '        <bpmn:outgoing>SequenceFlow_15x18qm</bpmn:outgoing>' ||chr(13)||chr(10)|| '        <bpmn:outgoing>SequenceFlow_0np9etf</bpmn:outgoing>' ||chr(13)||chr(10)|| '        <bpmn:outgoing>SequenceFlow_1gtsp32</bpmn:outgoing>' ||chr(13)||chr(10)|| '      </bpmn:exclusiveGateway>' ||chr(13)||chr(10)|| '      <bpmn:startEvent id="StartEvent_16sfszv">' ||chr(13)||chr(10)|| '        <bpmn:outgoing>SequenceFlow_0a6zqyo</bpmn:outgoing>' ||chr(13)||chr(10)|| '      </bpmn:startEvent>' ||chr(13)||chr(10)|| '      <bpmn:sequenceFlow id="SequenceFlow_1qfqjnh" name="storage failed too many times or it is processing for too long" sourceRef="ExclusiveGateway_16nlbuk" targetRef="ingestErrorEvent">' ||chr(13)||chr(10)|| '        <bpmn:conditionExpression xsi:type="bpmn:tFormalExpression">${aipStoreRetries == 0 || aipSavedCheckRetries == 0}</bpmn:conditionExpression>' ||chr(13)||chr(10)|| '      </bpmn:sequenceFlow>' ||chr(13)||chr(10)|| '      <bpmn:sequenceFlow id="SequenceFlow_0a6zqyo" sourceRef="StartEvent_16sfszv" targetRef="ServiceTask_0fxsc9x"/>' ||chr(13)||chr(10)|| '      <bpmn:sequenceFlow id="SequenceFlow_15x18qm" name="storage still processing" sourceRef="ExclusiveGateway_16nlbuk" targetRef="IntermediateThrowEvent_0oopavs">' ||chr(13)||chr(10)|| '        <bpmn:conditionExpression xsi:type="bpmn:tFormalExpression"><![CDATA[${aipState == ''PROCESSING'' && aipSavedCheckRetries > 0}]]></bpmn:conditionExpression>' ||chr(13)||chr(10)|| '      </bpmn:sequenceFlow>' ||chr(13)||chr(10)|| '      <bpmn:sequenceFlow id="SequenceFlow_0np9etf" name="storage ok" sourceRef="ExclusiveGateway_16nlbuk" targetRef="ingestSuccessEvent">' ||chr(13)|| '        <bpmn:conditionExpression xsi:type="bpmn:tFormalExpression"><![CDATA[${aipState == ''ARCHIVED''}]]></bpmn:conditionExpression>' ||chr(13)||chr(10)|| '      </bpmn:sequenceFlow>' ||chr(13)||chr(10)|| '      <bpmn:sequenceFlow id="SequenceFlow_1gtsp32" name="storage failed" sourceRef="ExclusiveGateway_16nlbuk" targetRef="IntermediateThrowEvent_0qpz5bp">' ||chr(13)||chr(10)|| '        <bpmn:conditionExpression xsi:type="bpmn:tFormalExpression">${aipState == ''ARCHIVAL_FAILURE'' &amp;&amp; aipStoreRetries &gt; 0}</bpmn:conditionExpression>' ||chr(13)||chr(10)|| '      </bpmn:sequenceFlow>' ||chr(13)||chr(10)|| '      <bpmn:intermediateCatchEvent id="IntermediateThrowEvent_0qpz5bp">' ||chr(13)||chr(10)|| '        <bpmn:incoming>SequenceFlow_1gtsp32</bpmn:incoming>' ||chr(13)||chr(10)|| '        <bpmn:outgoing>SequenceFlow_1589txq</bpmn:outgoing>' ||chr(13)||chr(10)|| '        <bpmn:timerEventDefinition>' ||chr(13)||chr(10)|| '          <bpmn:timeDuration xsi:type="bpmn:tFormalExpression">${aipStoreTimeout}</bpmn:timeDuration>' ||chr(13)||chr(10)|| '        </bpmn:timerEventDefinition>' ||chr(13)||chr(10)|| '      </bpmn:intermediateCatchEvent>' ||chr(13)||chr(10)|| '      <bpmn:intermediateCatchEvent id="IntermediateThrowEvent_0oopavs">' ||chr(13)||chr(10)|| '        <bpmn:incoming>SequenceFlow_15x18qm</bpmn:incoming>' ||chr(13)||chr(10)|| '        <bpmn:outgoing>SequenceFlow_0ooeftp</bpmn:outgoing>' ||chr(13)||chr(10)|| '        <bpmn:timerEventDefinition>' ||chr(13)||chr(10)|| '          <bpmn:timeDuration xsi:type="bpmn:tFormalExpression">${aipSavedCheckTimeout}</bpmn:timeDuration>' ||chr(13)||chr(10)|| '        </bpmn:timerEventDefinition>' ||chr(13)||chr(10)|| '      </bpmn:intermediateCatchEvent>' ||chr(13)||chr(10)|| '      <bpmn:endEvent id="ingestErrorEvent" name="ingest error event">' ||chr(13)||chr(10)|| '        <bpmn:incoming>SequenceFlow_1qfqjnh</bpmn:incoming>' ||chr(13)||chr(10)|| '        <bpmn:errorEventDefinition errorRef="Error_1olr0r0"/>' ||chr(13)||chr(10)|| '      </bpmn:endEvent>' ||chr(13)||chr(10)|| '      <bpmn:serviceTask id="ServiceTask_1snmjbd" name="archival storage" camunda:asyncBefore="true" camunda:delegateExpression="${archivalStorageDelegate}">' ||chr(13)||chr(10)|| '        <bpmn:extensionElements>' ||chr(13)||chr(10)|| '          <camunda:failedJobRetryTimeCycle>R5/PT1M</camunda:failedJobRetryTimeCycle>' ||chr(13)||chr(10)|| '        </bpmn:extensionElements>' ||chr(13)||chr(10)|| '        <bpmn:incoming>SequenceFlow_1589txq</bpmn:incoming>' ||chr(13)||chr(10)|| '        <bpmn:incoming>SequenceFlow_0n2wp4g</bpmn:incoming>' ||chr(13)||chr(10)|| '        <bpmn:outgoing>SequenceFlow_0oizux8</bpmn:outgoing>' ||chr(13)||chr(10)|| '      </bpmn:serviceTask>' ||chr(13)||chr(10)|| '      <bpmn:sequenceFlow id="SequenceFlow_1589txq" sourceRef="IntermediateThrowEvent_0qpz5bp" targetRef="ServiceTask_1snmjbd"/>' ||chr(13)||chr(10)|| '      <bpmn:sequenceFlow id="SequenceFlow_0n2wp4g" sourceRef="ServiceTask_0b2g5c0" targetRef="ServiceTask_1snmjbd"/>' ||chr(13)||chr(10)|| '      <bpmn:serviceTask id="ServiceTask_15sn5m2" name="storage success verifier" camunda:asyncBefore="true" camunda:delegateExpression="${storageSuccessVerifierDelegate}">' ||chr(13)||chr(10)|| '        <bpmn:extensionElements>' ||chr(13)||chr(10)|| '          <camunda:failedJobRetryTimeCycle>R5/PT1M</camunda:failedJobRetryTimeCycle>' ||chr(13)||chr(10)|| '        </bpmn:extensionElements>' ||chr(13)||chr(10)|| '        <bpmn:incoming>SequenceFlow_0oizux8</bpmn:incoming>' ||chr(13)||chr(10)|| '        <bpmn:incoming>SequenceFlow_0ooeftp</bpmn:incoming>' ||chr(13)||chr(10)|| '        <bpmn:outgoing>SequenceFlow_1j4hj2j</bpmn:outgoing>' ||chr(13)||chr(10)|| '      </bpmn:serviceTask>' ||chr(13)||chr(10)|| '      <bpmn:sequenceFlow id="SequenceFlow_1j4hj2j" sourceRef="ServiceTask_15sn5m2" targetRef="ExclusiveGateway_16nlbuk"/>' ||chr(13)||chr(10)|| '      <bpmn:sequenceFlow id="SequenceFlow_0oizux8" sourceRef="ServiceTask_1snmjbd" targetRef="ServiceTask_15sn5m2"/>' ||chr(13)||chr(10)|| '      <bpmn:sequenceFlow id="SequenceFlow_0ooeftp" sourceRef="IntermediateThrowEvent_0oopavs" targetRef="ServiceTask_15sn5m2"/>' ||chr(13)||chr(10)|| '      <bpmn:serviceTask id="ServiceTask_0fxsc9x" name="ArclibXml extractor" camunda:asyncBefore="true" camunda:delegateExpression="${arclibXmlExtractorDelegate}">' ||chr(13)||chr(10)|| '        <bpmn:incoming>SequenceFlow_0a6zqyo</bpmn:incoming>' ||chr(13)||chr(10)|| '        <bpmn:outgoing>SequenceFlow_1iwnh8s</bpmn:outgoing>' ||chr(13)||chr(10)|| '      </bpmn:serviceTask>' ||chr(13)||chr(10)|| '      <bpmn:sequenceFlow id="SequenceFlow_1iwnh8s" sourceRef="ServiceTask_0fxsc9x" targetRef="ServiceTask_0b2g5c0"/>' ||chr(13)||chr(10)|| '    </bpmn:subProcess>' ||chr(13)||chr(10)|| '    <bpmn:subProcess id="SubProcess_15fffya" triggeredByEvent="true">' ||chr(13)||chr(10)|| '      <bpmn:startEvent id="storageErrorStartEvent" name="storage error start event">' ||chr(13)||chr(10)|| '        <bpmn:outgoing>SequenceFlow_0wgkgq5</bpmn:outgoing>' ||chr(13)||chr(10)|| '        <bpmn:errorEventDefinition errorRef="Error_1olr0r0" camunda:errorCodeVariable="errorCode" camunda:errorMessageVariable="errorMessage"/>' ||chr(13)||chr(10)|| '      </bpmn:startEvent>' ||chr(13)||chr(10)|| '      <bpmn:serviceTask id="storageErrorHandler" name="storage error handler" camunda:delegateExpression="${bpmErrorHandlerDelegate}">' ||chr(13)||chr(10)|| '        <bpmn:incoming>SequenceFlow_0wgkgq5</bpmn:incoming>' ||chr(13)||chr(10)|| '        <bpmn:outgoing>SequenceFlow_1v9rnml</bpmn:outgoing>' ||chr(13)||chr(10)|| '      </bpmn:serviceTask>' ||chr(13)||chr(10)|| '      <bpmn:endEvent id="storageErrorEndEvent" name="storage error end event">' ||chr(13)||chr(10)|| '        <bpmn:incoming>SequenceFlow_1v9rnml</bpmn:incoming>' ||chr(13)||chr(10)|| '      </bpmn:endEvent>' ||chr(13)||chr(10)|| '      <bpmn:sequenceFlow id="SequenceFlow_0wgkgq5" sourceRef="storageErrorStartEvent" targetRef="storageErrorHandler"/>' ||chr(13)||chr(10)|| '      <bpmn:sequenceFlow id="SequenceFlow_1v9rnml" sourceRef="storageErrorHandler" targetRef="storageErrorEndEvent"/>' ||chr(13)||chr(10)|| '    </bpmn:subProcess>' ||chr(13)||chr(10)|| '    <bpmn:sequenceFlow id="SequenceFlow_1qyy2bs" sourceRef="formatIdentification" targetRef="antivirus"/>' ||chr(13)||chr(10)|| '    <bpmn:sequenceFlow id="SequenceFlow_1h30i5i" sourceRef="fixityGenerator" targetRef="SubProcess_07ljd3i"/>' ||chr(13)||chr(10)|| '    <bpmn:sequenceFlow id="SequenceFlow_10xr812" sourceRef="init" targetRef="formatIdentification"/>' ||chr(13)||chr(10)|| '  </bpmn:process>' ||chr(13)||chr(10)|| '  <bpmn:error id="Error_1j240sk" name="runtimeError" errorCode="java.lang.RuntimeException"/>' ||chr(13)||chr(10)|| '  <bpmn:error id="Error_16v6tah" name="bpmError" errorCode="processFailure"/>' ||chr(13)||chr(10)|| '  <bpmn:error id="Error_1olr0r0" name="storageError" errorCode="storageFailure"/>' ||chr(13)||chr(10)|| '  <bpmndi:BPMNDiagram id="BPMNDiagram_1">' ||chr(13)||chr(10)|| '    <bpmndi:BPMNPlane id="BPMNPlane_1" bpmnElement="ingestWorkflow">' ||chr(13)||chr(10)|| '      <bpmndi:BPMNShape id="StartEvent_1y3rro6_di" bpmnElement="init">' ||chr(13)||chr(10)|| '        <dc:Bounds x="-452" y="-349" width="36" height="36"/>' ||chr(13)||chr(10)|| '        <bpmndi:BPMNLabel>' ||chr(13)||chr(10)|| '          <dc:Bounds x="-440" y="-309" width="14" height="12"/>' ||chr(13)||chr(10)|| '        </bpmndi:BPMNLabel>' ||chr(13)||chr(10)|| '      </bpmndi:BPMNShape>' ||chr(13)||chr(10)|| '      <bpmndi:BPMNShape id="ServiceTask_0z6wumr_di" bpmnElement="antivirus">' ||chr(13)||chr(10)|| '        <dc:Bounds x="-252" y="-371" width="100" height="80"/>' ||chr(13)||chr(10)|| '      </bpmndi:BPMNShape>' ||chr(13)||chr(10)|| '      <bpmndi:BPMNShape id="ServiceTask_0nhvpwh_di" bpmnElement="fixityGenerator">' ||chr(13)||chr(10)|| '        <dc:Bounds x="166" y="-371" width="100" height="80"/>' ||chr(13)||chr(10)|| '      </bpmndi:BPMNShape>' ||chr(13)||chr(10)|| '      <bpmndi:BPMNShape id="SubProcess_0m3ut3d_di" bpmnElement="SubProcess_0m3ut3d" isExpanded="true">' ||chr(13)||chr(10)|| '        <dc:Bounds x="-402" y="124" width="306" height="122"/>' ||chr(13)||chr(10)|| '      </bpmndi:BPMNShape>' ||chr(13)||chr(10)|| '      <bpmndi:BPMNShape id="StartEvent_0osz2mu_di" bpmnElement="bpmErrorStartEvent">' ||chr(13)||chr(10)|| '        <dc:Bounds x="-382" y="166" width="36" height="36"/>' ||chr(13)||chr(10)|| '        <bpmndi:BPMNLabel>' ||chr(13)||chr(10)|| '          <dc:Bounds x="-392" y="204" width="74" height="24"/>' ||chr(13)||chr(10)|| '        </bpmndi:BPMNLabel>' ||chr(13)||chr(10)|| '      </bpmndi:BPMNShape>' ||chr(13)||chr(10)|| '      <bpmndi:BPMNShape id="ServiceTask_1vdb3kz_di" bpmnElement="bpmErrorHandler">' ||chr(13)||chr(10)|| '        <dc:Bounds x="-304" y="144" width="100" height="80"/>' ||chr(13)||chr(10)|| '      </bpmndi:BPMNShape>' ||chr(13)||chr(10)|| '      <bpmndi:BPMNShape id="EndEvent_0s1mmir_di" bpmnElement="bpmErrorEndEvent">' ||chr(13)||chr(10)|| '        <dc:Bounds x="-168" y="166" width="36" height="36"/>' ||chr(13)||chr(10)|| '        <bpmndi:BPMNLabel>' ||chr(13)||chr(10)|| '          <dc:Bounds x="-184" y="204" width="69" height="24"/>' ||chr(13)||chr(10)|| '        </bpmndi:BPMNLabel>' ||chr(13)||chr(10)|| '      </bpmndi:BPMNShape>' ||chr(13)||chr(10)|| '      <bpmndi:BPMNEdge id="SequenceFlow_14npmls_di" bpmnElement="SequenceFlow_14npmls">' ||chr(13)||chr(10)|| '        <di:waypoint x="-346" y="184"/>' ||chr(13)||chr(10)|| '        <di:waypoint x="-304" y="184"/>' ||chr(13)||chr(10)|| '        <bpmndi:BPMNLabel>' ||chr(13)||chr(10)|| '          <dc:Bounds x="-370" y="163" width="90" height="12"/>' ||chr(13)||chr(10)|| '        </bpmndi:BPMNLabel>' ||chr(13)||chr(10)|| '      </bpmndi:BPMNEdge>' ||chr(13)||chr(10)|| '      <bpmndi:BPMNEdge id="SequenceFlow_0zt5now_di" bpmnElement="SequenceFlow_0zt5now">' ||chr(13)||chr(10)|| '        <di:waypoint x="-204" y="184"/>' ||chr(13)||chr(10)|| '        <di:waypoint x="-168" y="184"/>' ||chr(13)||chr(10)|| '        <bpmndi:BPMNLabel>' ||chr(13)||chr(10)|| '          <dc:Bounds x="-231" y="163" width="90" height="12"/>' ||chr(13)||chr(10)|| '        </bpmndi:BPMNLabel>' ||chr(13)||chr(10)|| '      </bpmndi:BPMNEdge>' ||chr(13)||chr(10)|| '      <bpmndi:BPMNShape id="ServiceTask_1y220pq_di" bpmnElement="validator">' ||chr(13)||chr(10)|| '        <dc:Bounds x="26" y="-371" width="100" height="80"/>' ||chr(13)||chr(10)|| '      </bpmndi:BPMNShape>' ||chr(13)||chr(10)|| '      <bpmndi:BPMNShape id="ServiceTask_07dfwlp_di" bpmnElement="formatIdentification">' ||chr(13)||chr(10)|| '        <dc:Bounds x="-388" y="-371" width="100" height="80"/>' ||chr(13)||chr(10)|| '      </bpmndi:BPMNShape>' ||chr(13)||chr(10)|| '      <bpmndi:BPMNShape id="ServiceTask_1clbu9d_di" bpmnElement="fixityCheck">' ||chr(13)||chr(10)|| '        <dc:Bounds x="-115" y="-371" width="100" height="80"/>' ||chr(13)||chr(10)|| '      </bpmndi:BPMNShape>' ||chr(13)||chr(10)|| '      <bpmndi:BPMNEdge id="SequenceFlow_020l49h_di" bpmnElement="SequenceFlow_020l49h">' ||chr(13)||chr(10)|| '        <di:waypoint x="-152" y="-331"/>' ||chr(13)||chr(10)|| '        <di:waypoint x="-115" y="-331"/>' ||chr(13)||chr(10)|| '        <bpmndi:BPMNLabel>' ||chr(13)||chr(10)|| '          <dc:Bounds x="-178" y="-352" width="90" height="12"/>' ||chr(13)||chr(10)|| '        </bpmndi:BPMNLabel>' ||chr(13)||chr(10)|| '      </bpmndi:BPMNEdge>' ||chr(13)||chr(10)|| '      <bpmndi:BPMNEdge id="SequenceFlow_1lv9rpm_di" bpmnElement="SequenceFlow_1lv9rpm">' ||chr(13)||chr(10)|| '        <di:waypoint x="-15" y="-331"/>' ||chr(13)||chr(10)|| '        <di:waypoint x="26" y="-331"/>' ||chr(13)||chr(10)|| '        <bpmndi:BPMNLabel>' ||chr(13)||chr(10)|| '          <dc:Bounds x="-39" y="-352" width="90" height="12"/>' ||chr(13)||chr(10)|| '        </bpmndi:BPMNLabel>' ||chr(13)||chr(10)|| '      </bpmndi:BPMNEdge>' ||chr(13)||chr(10)|| '      <bpmndi:BPMNEdge id="SequenceFlow_118r7ij_di" bpmnElement="SequenceFlow_118r7ij">' ||chr(13)||chr(10)|| '        <di:waypoint x="126" y="-331"/>' ||chr(13)||chr(10)|| '        <di:waypoint x="166" y="-331"/>' ||chr(13)||chr(10)|| '        <bpmndi:BPMNLabel>' ||chr(13)||chr(10)|| '          <dc:Bounds x="101" y="-352" width="90" height="12"/>' ||chr(13)||chr(10)|| '        </bpmndi:BPMNLabel>' ||chr(13)||chr(10)|| '      </bpmndi:BPMNEdge>' ||chr(13)||chr(10)|| '      <bpmndi:BPMNShape id="SubProcess_07ljd3i_di" bpmnElement="SubProcess_07ljd3i" isExpanded="true">' ||chr(13)||chr(10)|| '        <dc:Bounds x="-401" y="-243" width="674" height="341"/>' ||chr(13)||chr(10)|| '      </bpmndi:BPMNShape>' ||chr(13)||chr(10)|| '      <bpmndi:BPMNShape id="ServiceTask_0b2g5c0_di" bpmnElement="ServiceTask_0b2g5c0">' ||chr(13)||chr(10)|| '        <dc:Bounds x="-381" y="-3" width="100" height="80"/>' ||chr(13)||chr(10)|| '      </bpmndi:BPMNShape>' ||chr(13)||chr(10)|| '      <bpmndi:BPMNShape id="EndEvent_0lrb2a4_di" bpmnElement="ingestSuccessEvent">' ||chr(13)||chr(10)|| '        <dc:Bounds x="195" y="-144" width="36" height="36"/>' ||chr(13)||chr(10)|| '        <bpmndi:BPMNLabel>' ||chr(13)||chr(10)|| '          <dc:Bounds x="176" y="-104" width="74" height="24"/>' ||chr(13)||chr(10)|| '        </bpmndi:BPMNLabel>' ||chr(13)||chr(10)|| '      </bpmndi:BPMNShape>' ||chr(13)||chr(10)|| '      <bpmndi:BPMNShape id="ExclusiveGateway_16nlbuk_di" bpmnElement="ExclusiveGateway_16nlbuk" isMarkerVisible="true">' ||chr(13)||chr(10)|| '        <dc:Bounds x="54" y="-92" width="50" height="50"/>' ||chr(13)||chr(10)|| '        <bpmndi:BPMNLabel>' ||chr(13)||chr(10)|| '          <dc:Bounds x="0" y="-38" width="90" height="12"/>' ||chr(13)||chr(10)|| '        </bpmndi:BPMNLabel>' ||chr(13)||chr(10)|| '      </bpmndi:BPMNShape>' ||chr(13)||chr(10)|| '      <bpmndi:BPMNShape id="StartEvent_16sfszv_di" bpmnElement="StartEvent_16sfszv">' ||chr(13)||chr(10)|| '        <dc:Bounds x="-349" y="-214" width="36" height="36"/>' ||chr(13)||chr(10)|| '        <bpmndi:BPMNLabel>' ||chr(13)||chr(10)|| '          <dc:Bounds x="-376" y="-148" width="90" height="12"/>' ||chr(13)||chr(10)|| '        </bpmndi:BPMNLabel>' ||chr(13)||chr(10)|| '      </bpmndi:BPMNShape>' ||chr(13)||chr(10)|| '      <bpmndi:BPMNEdge id="SequenceFlow_1qfqjnh_di" bpmnElement="SequenceFlow_1qfqjnh">' ||chr(13)||chr(10)|| '        <di:waypoint x="79" y="-42"/>' ||chr(13)||chr(10)|| '        <di:waypoint x="79" y="-5"/>' ||chr(13)||chr(10)|| '        <di:waypoint x="195" y="-5"/>' ||chr(13)||chr(10)|| '        <bpmndi:BPMNLabel>' ||chr(13)||chr(10)|| '          <dc:Bounds x="104" y="-66" width="88" height="48"/>' ||chr(13)||chr(10)|| '        </bpmndi:BPMNLabel>' ||chr(13)||chr(10)|| '      </bpmndi:BPMNEdge>' ||chr(13)||chr(10)|| '      <bpmndi:BPMNEdge id="SequenceFlow_0a6zqyo_di" bpmnElement="SequenceFlow_0a6zqyo">' ||chr(13)||chr(10)|| '        <di:waypoint x="-331" y="-178"/>' ||chr(13)||chr(10)|| '        <di:waypoint x="-331" y="-140"/>' ||chr(13)||chr(10)|| '        <bpmndi:BPMNLabel>' ||chr(13)||chr(10)|| '          <dc:Bounds x="-361" y="-135" width="90" height="12"/>' ||chr(13)||chr(10)|| '        </bpmndi:BPMNLabel>' ||chr(13)||chr(10)|| '      </bpmndi:BPMNEdge>' ||chr(13)||chr(10)|| '      <bpmndi:BPMNEdge id="SequenceFlow_15x18qm_di" bpmnElement="SequenceFlow_15x18qm">' ||chr(13)||chr(10)|| '        <di:waypoint x="79" y="-42"/>' ||chr(13)||chr(10)|| '        <di:waypoint x="79" y="37"/>' ||chr(13)||chr(10)|| '        <di:waypoint x="-33" y="37"/>' ||chr(13)||chr(10)|| '        <bpmndi:BPMNLabel>' ||chr(13)||chr(10)|| '          <dc:Bounds x="-4" y="42" width="56" height="24"/>' ||chr(13)||chr(10)|| '        </bpmndi:BPMNLabel>' ||chr(13)||chr(10)|| '      </bpmndi:BPMNEdge>' ||chr(13)||chr(10)|| '      <bpmndi:BPMNEdge id="SequenceFlow_0np9etf_di" bpmnElement="SequenceFlow_0np9etf">' ||chr(13)||chr(10)|| '        <di:waypoint x="79" y="-92"/>' ||chr(13)||chr(10)|| '        <di:waypoint x="79" y="-126"/>' ||chr(13)||chr(10)|| '        <di:waypoint x="195" y="-126"/>' ||chr(13)||chr(10)|| '        <bpmndi:BPMNLabel>' ||chr(13)||chr(10)|| '          <dc:Bounds x="112" y="-147" width="52" height="12"/>' ||chr(13)||chr(10)|| '        </bpmndi:BPMNLabel>' ||chr(13)||chr(10)|| '      </bpmndi:BPMNEdge>' ||chr(13)||chr(10)|| '      <bpmndi:BPMNEdge id="SequenceFlow_1gtsp32_di" bpmnElement="SequenceFlow_1gtsp32">' ||chr(13)||chr(10)|| '        <di:waypoint x="79" y="-92"/>' ||chr(13)||chr(10)|| '        <di:waypoint x="79" y="-170"/>' ||chr(13)||chr(10)|| '        <di:waypoint x="-172" y="-170"/>' ||chr(13)||chr(10)|| '        <bpmndi:BPMNLabel>' ||chr(13)||chr(10)|| '          <dc:Bounds x="-84" y="-193" width="65" height="12"/>' ||chr(13)||chr(10)|| '        </bpmndi:BPMNLabel>' ||chr(13)||chr(10)|| '      </bpmndi:BPMNEdge>' ||chr(13)||chr(10)|| '      <bpmndi:BPMNShape id="IntermediateCatchEvent_10c18o1_di" bpmnElement="IntermediateThrowEvent_0qpz5bp">' ||chr(13)||chr(10)|| '        <dc:Bounds x="-208" y="-188" width="36" height="36"/>' ||chr(13)||chr(10)|| '        <bpmndi:BPMNLabel>' ||chr(13)||chr(10)|| '          <dc:Bounds x="-235" y="-148" width="90" height="12"/>' ||chr(13)||chr(10)|| '        </bpmndi:BPMNLabel>' ||chr(13)||chr(10)|| '      </bpmndi:BPMNShape>' ||chr(13)||chr(10)|| '      <bpmndi:BPMNShape id="IntermediateCatchEvent_0wx1ml4_di" bpmnElement="IntermediateThrowEvent_0oopavs">' ||chr(13)||chr(10)|| '        <dc:Bounds x="-69" y="19" width="36" height="36"/>' ||chr(13)||chr(10)|| '        <bpmndi:BPMNLabel>' ||chr(13)||chr(10)|| '          <dc:Bounds x="-96" y="59" width="90" height="12"/>' ||chr(13)||chr(10)|| '        </bpmndi:BPMNLabel>' ||chr(13)||chr(10)|| '      </bpmndi:BPMNShape>' ||chr(13)||chr(10)|| '      <bpmndi:BPMNShape id="EndEvent_0kegd0b_di" bpmnElement="ingestErrorEvent">' ||chr(13)||chr(10)|| '        <dc:Bounds x="195" y="-23" width="36" height="36"/>' ||chr(13)||chr(10)|| '        <bpmndi:BPMNLabel>' ||chr(13)||chr(10)|| '          <dc:Bounds x="169" y="20" width="87" height="12"/>' ||chr(13)||chr(10)|| '        </bpmndi:BPMNLabel>' ||chr(13)||chr(10)|| '      </bpmndi:BPMNShape>' ||chr(13)||chr(10)|| '      <bpmndi:BPMNShape id="SubProcess_15fffya_di" bpmnElement="SubProcess_15fffya" isExpanded="true">' ||chr(13)||chr(10)|| '        <dc:Bounds x="-33" y="124" width="306" height="122"/>' ||chr(13)||chr(10)|| '      </bpmndi:BPMNShape>' ||chr(13)||chr(10)|| '      <bpmndi:BPMNShape id="StartEvent_0cn1yhs_di" bpmnElement="storageErrorStartEvent">' ||chr(13)||chr(10)|| '        <dc:Bounds x="-13" y="166" width="36" height="36"/>' ||chr(13)||chr(10)|| '        <bpmndi:BPMNLabel>' ||chr(13)||chr(10)|| '          <dc:Bounds x="-18" y="204" width="65" height="24"/>' ||chr(13)||chr(10)|| '        </bpmndi:BPMNLabel>' ||chr(13)||chr(10)|| '      </bpmndi:BPMNShape>' ||chr(13)||chr(10)|| '      <bpmndi:BPMNShape id="ServiceTask_0qpoqo1_di" bpmnElement="storageErrorHandler">' ||chr(13)||chr(10)|| '        <dc:Bounds x="65" y="144" width="100" height="80"/>' ||chr(13)||chr(10)|| '      </bpmndi:BPMNShape>' ||chr(13)||chr(10)|| '      <bpmndi:BPMNShape id="EndEvent_11w4twn_di" bpmnElement="storageErrorEndEvent">' ||chr(13)||chr(10)|| '        <dc:Bounds x="201" y="166" width="36" height="36"/>' ||chr(13)||chr(10)|| '        <bpmndi:BPMNLabel>' ||chr(13)||chr(10)|| '          <dc:Bounds x="177" y="204" width="85" height="24"/>' ||chr(13)||chr(10)|| '        </bpmndi:BPMNLabel>' ||chr(13)||chr(10)|| '      </bpmndi:BPMNShape>' ||chr(13)||chr(10)|| '      <bpmndi:BPMNEdge id="SequenceFlow_0wgkgq5_di" bpmnElement="SequenceFlow_0wgkgq5">' ||chr(13)||chr(10)|| '        <di:waypoint x="23" y="184"/>' ||chr(13)||chr(10)|| '        <di:waypoint x="65" y="184"/>' ||chr(13)||chr(10)|| '        <bpmndi:BPMNLabel>' ||chr(13)||chr(10)|| '          <dc:Bounds x="-1" y="163" width="0" height="12"/>' ||chr(13)||chr(10)|| '        </bpmndi:BPMNLabel>' ||chr(13)||chr(10)|| '      </bpmndi:BPMNEdge>' ||chr(13)||chr(10)|| '      <bpmndi:BPMNEdge id="SequenceFlow_1v9rnml_di" bpmnElement="SequenceFlow_1v9rnml">' ||chr(13)||chr(10)|| '        <di:waypoint x="165" y="184"/>' ||chr(13)||chr(10)|| '        <di:waypoint x="201" y="184"/>' ||chr(13)||chr(10)|| '        <bpmndi:BPMNLabel>' ||chr(13)||chr(10)|| '          <dc:Bounds x="138" y="163" width="0" height="12"/>' ||chr(13)||chr(10)|| '        </bpmndi:BPMNLabel>' ||chr(13)||chr(10)|| '      </bpmndi:BPMNEdge>' ||chr(13)||chr(10)|| '      <bpmndi:BPMNEdge id="SequenceFlow_1qyy2bs_di" bpmnElement="SequenceFlow_1qyy2bs">' ||chr(13)||chr(10)|| '        <di:waypoint x="-288" y="-331"/>' ||chr(13)||chr(10)|| '        <di:waypoint x="-252" y="-331"/>' ||chr(13)||chr(10)|| '        <bpmndi:BPMNLabel>' ||chr(13)||chr(10)|| '          <dc:Bounds x="-270" y="-352" width="0" height="12"/>' ||chr(13)||chr(10)|| '        </bpmndi:BPMNLabel>' ||chr(13)||chr(10)|| '      </bpmndi:BPMNEdge>' ||chr(13)||chr(10)|| '      <bpmndi:BPMNEdge id="SequenceFlow_1h30i5i_di" bpmnElement="SequenceFlow_1h30i5i">' ||chr(13)||chr(10)|| '        <di:waypoint x="216" y="-291"/>' ||chr(13)||chr(10)|| '        <di:waypoint x="216" y="-267"/>' ||chr(13)||chr(10)|| '        <di:waypoint x="-64" y="-267"/>' ||chr(13)||chr(10)|| '        <di:waypoint x="-64" y="-243"/>' ||chr(13)||chr(10)|| '        <bpmndi:BPMNLabel>' ||chr(13)||chr(10)|| '          <dc:Bounds x="76" y="-288" width="0" height="12"/>' ||chr(13)||chr(10)|| '        </bpmndi:BPMNLabel>' ||chr(13)||chr(10)|| '      </bpmndi:BPMNEdge>' ||chr(13)||chr(10)|| '      <bpmndi:BPMNEdge id="SequenceFlow_10xr812_di" bpmnElement="SequenceFlow_10xr812">' ||chr(13)||chr(10)|| '        <di:waypoint x="-416" y="-331"/>' ||chr(13)||chr(10)|| '        <di:waypoint x="-388" y="-331"/>' ||chr(13)||chr(10)|| '        <bpmndi:BPMNLabel>' ||chr(13)||chr(10)|| '          <dc:Bounds x="-402" y="-352" width="0" height="12"/>' ||chr(13)||chr(10)|| '        </bpmndi:BPMNLabel>' ||chr(13)||chr(10)|| '      </bpmndi:BPMNEdge>' ||chr(13)||chr(10)|| '      <bpmndi:BPMNShape id="ServiceTask_1snmjbd_di" bpmnElement="ServiceTask_1snmjbd">' ||chr(13)||chr(10)|| '        <dc:Bounds x="-240" y="-107" width="100" height="80"/>' ||chr(13)||chr(10)|| '      </bpmndi:BPMNShape>' ||chr(13)||chr(10)|| '      <bpmndi:BPMNEdge id="SequenceFlow_1589txq_di" bpmnElement="SequenceFlow_1589txq">' ||chr(13)||chr(10)|| '        <di:waypoint x="-190" y="-152"/>' ||chr(13)||chr(10)|| '        <di:waypoint x="-190" y="-107"/>' ||chr(13)||chr(10)|| '        <bpmndi:BPMNLabel>' ||chr(13)||chr(10)|| '          <dc:Bounds x="-220" y="-135" width="90" height="12"/>' ||chr(13)||chr(10)|| '        </bpmndi:BPMNLabel>' ||chr(13)||chr(10)|| '      </bpmndi:BPMNEdge>' ||chr(13)||chr(10)|| '      <bpmndi:BPMNEdge id="SequenceFlow_0n2wp4g_di" bpmnElement="SequenceFlow_0n2wp4g">' ||chr(13)||chr(10)|| '        <di:waypoint x="-281" y="37"/>' ||chr(13)||chr(10)|| '        <di:waypoint x="-260" y="37"/>' ||chr(13)||chr(10)|| '        <di:waypoint x="-260" y="-67"/>' ||chr(13)||chr(10)|| '        <di:waypoint x="-240" y="-67"/>' ||chr(13)||chr(10)|| '        <bpmndi:BPMNLabel>' ||chr(13)||chr(10)|| '          <dc:Bounds x="-305" y="-88" width="90" height="12"/>' ||chr(13)||chr(10)|| '        </bpmndi:BPMNLabel>' ||chr(13)||chr(10)|| '      </bpmndi:BPMNEdge>' ||chr(13)||chr(10)|| '      <bpmndi:BPMNShape id="ServiceTask_15sn5m2_di" bpmnElement="ServiceTask_15sn5m2">' ||chr(13)||chr(10)|| '        <dc:Bounds x="-101" y="-107" width="100" height="80"/>' ||chr(13)||chr(10)|| '      </bpmndi:BPMNShape>' ||chr(13)||chr(10)|| '      <bpmndi:BPMNEdge id="SequenceFlow_1j4hj2j_di" bpmnElement="SequenceFlow_1j4hj2j">' ||chr(13)||chr(10)|| '        <di:waypoint x="-1" y="-67"/>' ||chr(13)||chr(10)|| '        <di:waypoint x="54" y="-67"/>' ||chr(13)||chr(10)|| '        <bpmndi:BPMNLabel>' ||chr(13)||chr(10)|| '          <dc:Bounds x="-18" y="-88" width="90" height="12"/>' ||chr(13)||chr(10)|| '        </bpmndi:BPMNLabel>' ||chr(13)||chr(10)|| '      </bpmndi:BPMNEdge>' ||chr(13)||chr(10)|| '      <bpmndi:BPMNEdge id="SequenceFlow_0oizux8_di" bpmnElement="SequenceFlow_0oizux8">' ||chr(13)||chr(10)|| '        <di:waypoint x="-140" y="-67"/>' ||chr(13)||chr(10)|| '        <di:waypoint x="-101" y="-67"/>' ||chr(13)||chr(10)|| '        <bpmndi:BPMNLabel>' ||chr(13)||chr(10)|| '          <dc:Bounds x="-165" y="-88" width="90" height="12"/>' ||chr(13)||chr(10)|| '        </bpmndi:BPMNLabel>' ||chr(13)||chr(10)|| '      </bpmndi:BPMNEdge>' ||chr(13)||chr(10)|| '      <bpmndi:BPMNEdge id="SequenceFlow_0ooeftp_di" bpmnElement="SequenceFlow_0ooeftp">' ||chr(13)||chr(10)|| '        <di:waypoint x="-51" y="19"/>' ||chr(13)||chr(10)|| '        <di:waypoint x="-51" y="-4"/>' ||chr(13)||chr(10)|| '        <di:waypoint x="-51" y="-4"/>' ||chr(13)||chr(10)|| '        <di:waypoint x="-51" y="-27"/>' ||chr(13)||chr(10)|| '        <bpmndi:BPMNLabel>' ||chr(13)||chr(10)|| '          <dc:Bounds x="-81" y="-10" width="90" height="12"/>' ||chr(13)||chr(10)|| '        </bpmndi:BPMNLabel>' ||chr(13)||chr(10)|| '      </bpmndi:BPMNEdge>' ||chr(13)||chr(10)|| '      <bpmndi:BPMNShape id="ServiceTask_0fxsc9x_di" bpmnElement="ServiceTask_0fxsc9x">' ||chr(13)||chr(10)|| '        <dc:Bounds x="-381" y="-140" width="100" height="80"/>' ||chr(13)||chr(10)|| '      </bpmndi:BPMNShape>' ||chr(13)||chr(10)|| '      <bpmndi:BPMNEdge id="SequenceFlow_1iwnh8s_di" bpmnElement="SequenceFlow_1iwnh8s">' ||chr(13)||chr(10)|| '        <di:waypoint x="-331" y="-60"/>' ||chr(13)||chr(10)|| '        <di:waypoint x="-331" y="-3"/>' ||chr(13)||chr(10)|| '      </bpmndi:BPMNEdge>' ||chr(13)||chr(10)|| '    </bpmndi:BPMNPlane>' ||chr(13)||chr(10)|| '  </bpmndi:BPMNDiagram>' ||chr(13)||chr(10)|| '</bpmn:definitions>', 'Workflow definition 1');
INSERT INTO public.arclib_workflow_definition(id, created, updated, deleted, bpmn_definition,"name") VALUES ('04015868-55c8-4856-90ec-df933f92d69f', '2018-03-07 12:00:00', '2018-03-07 14:30:00', null, '<?xml version="1.0" encoding="UTF-8"?>' ||chr(13)||chr(10)|| '<bpmn:definitions xmlns:bpmn="http://www.omg.org/spec/BPMN/20100524/MODEL" xmlns:bpmndi="http://www.omg.org/spec/BPMN/20100524/DI" xmlns:di="http://www.omg.org/spec/DD/20100524/DI" xmlns:dc="http://www.omg.org/spec/DD/20100524/DC" xmlns:xsi="http://www.w3.org/2001/XMLSchema-instance" xmlns:camunda="http://camunda.org/schema/1.0/bpmn" id="Definitions_1" targetNamespace="http://bpmn.io/schema/bpmn" exporter="Camunda Modeler" exporterVersion="2.0.3">' ||chr(13)||chr(10)|| '  <bpmn:process id="ingestWorkflow" isExecutable="true">' ||chr(13)||chr(10)|| '    <bpmn:startEvent id="init" name="init">' ||chr(13)||chr(10)|| '      <bpmn:outgoing>SequenceFlow_10xr812</bpmn:outgoing>' ||chr(13)||chr(10)|| '    </bpmn:startEvent>' ||chr(13)||chr(10)|| '    <bpmn:serviceTask id="antivirus" name="antivirus" camunda:asyncBefore="true" camunda:delegateExpression="${antivirusDelegate}">' ||chr(13)||chr(10)|| '      <bpmn:incoming>SequenceFlow_1qyy2bs</bpmn:incoming>' ||chr(13)||chr(10)|| '      <bpmn:outgoing>SequenceFlow_020l49h</bpmn:outgoing>' ||chr(13)||chr(10)|| '    </bpmn:serviceTask>' ||chr(13)||chr(10)|| '    <bpmn:serviceTask id="fixityGenerator" name="fixity generator" camunda:asyncBefore="true" camunda:delegateExpression="${fixityGeneratorDelegate}">' ||chr(13)||chr(10)|| '      <bpmn:incoming>SequenceFlow_118r7ij</bpmn:incoming>' ||chr(13)||chr(10)|| '      <bpmn:outgoing>SequenceFlow_1h30i5i</bpmn:outgoing>' ||chr(13)||chr(10)|| '    </bpmn:serviceTask>' ||chr(13)||chr(10)|| '    <bpmn:subProcess id="SubProcess_0m3ut3d" triggeredByEvent="true">' ||chr(13)||chr(10)|| '      <bpmn:startEvent id="bpmErrorStartEvent" name="bpm error start event">' ||chr(13)||chr(10)|| '        <bpmn:outgoing>SequenceFlow_14npmls</bpmn:outgoing>' ||chr(13)||chr(10)|| '        <bpmn:errorEventDefinition errorRef="Error_16v6tah" camunda:errorCodeVariable="errorCode" camunda:errorMessageVariable="errorMessage"/>' ||chr(13)||chr(10)|| '      </bpmn:startEvent>' ||chr(13)||chr(10)|| '      <bpmn:serviceTask id="bpmErrorHandler" name="bpm error handler" camunda:delegateExpression="${bpmErrorHandlerDelegate}">' ||chr(13)||chr(10)|| '        <bpmn:incoming>SequenceFlow_14npmls</bpmn:incoming>' ||chr(13)||chr(10)|| '        <bpmn:outgoing>SequenceFlow_0zt5now</bpmn:outgoing>' ||chr(13)||chr(10)|| '      </bpmn:serviceTask>' ||chr(13)||chr(10)|| '      <bpmn:endEvent id="bpmErrorEndEvent" name="bpm error end event">' ||chr(13)||chr(10)|| '        <bpmn:incoming>SequenceFlow_0zt5now</bpmn:incoming>' ||chr(13)||chr(10)|| '      </bpmn:endEvent>' ||chr(13)||chr(10)|| '      <bpmn:sequenceFlow id="SequenceFlow_14npmls" sourceRef="bpmErrorStartEvent" targetRef="bpmErrorHandler"/>' ||chr(13)||chr(10)|| '      <bpmn:sequenceFlow id="SequenceFlow_0zt5now" sourceRef="bpmErrorHandler" targetRef="bpmErrorEndEvent"/>' ||chr(13)||chr(10)|| '    </bpmn:subProcess>' ||chr(13)||chr(10)|| '    <bpmn:serviceTask id="validator" name="validator" camunda:asyncBefore="true" camunda:delegateExpression="${validatorDelegate}">' ||chr(13)||chr(10)|| '      <bpmn:incoming>SequenceFlow_1lv9rpm</bpmn:incoming>' ||chr(13)||chr(10)|| '      <bpmn:outgoing>SequenceFlow_118r7ij</bpmn:outgoing>' ||chr(13)||chr(10)|| '    </bpmn:serviceTask>' ||chr(13)||chr(10)|| '    <bpmn:serviceTask id="formatIdentification" name="format identifier" camunda:asyncBefore="true" camunda:delegateExpression="${formatIdentificationDelegate}">' ||chr(13)||chr(10)|| '      <bpmn:incoming>SequenceFlow_10xr812</bpmn:incoming>' ||chr(13)||chr(10)|| '      <bpmn:outgoing>SequenceFlow_1qyy2bs</bpmn:outgoing>' ||chr(13)||chr(10)|| '    </bpmn:serviceTask>' ||chr(13)||chr(10)|| '    <bpmn:serviceTask id="fixityCheck" name="fixity check" camunda:asyncBefore="true" camunda:delegateExpression="${fixityCheckerDelegate}">' ||chr(13)||chr(10)|| '      <bpmn:incoming>SequenceFlow_020l49h</bpmn:incoming>' ||chr(13)||chr(10)|| '      <bpmn:outgoing>SequenceFlow_1lv9rpm</bpmn:outgoing>' ||chr(13)||chr(10)|| '    </bpmn:serviceTask>' ||chr(13)||chr(10)|| '    <bpmn:sequenceFlow id="SequenceFlow_020l49h" sourceRef="antivirus" targetRef="fixityCheck"/>' ||chr(13)||chr(10)|| '    <bpmn:sequenceFlow id="SequenceFlow_1lv9rpm" sourceRef="fixityCheck" targetRef="validator"/>' ||chr(13)||chr(10)|| '    <bpmn:sequenceFlow id="SequenceFlow_118r7ij" sourceRef="validator" targetRef="fixityGenerator"/>' ||chr(13)||chr(10)|| '    <bpmn:subProcess id="SubProcess_07ljd3i" name="finalize ingest">' ||chr(13)||chr(10)|| '      <bpmn:incoming>SequenceFlow_1h30i5i</bpmn:incoming>' ||chr(13)||chr(10)|| '      <bpmn:serviceTask id="ServiceTask_0b2g5c0" name="ArclibXml generator" camunda:asyncBefore="true" camunda:delegateExpression="${arclibXmlGeneratorDelegate}">' ||chr(13)||chr(10)|| '        <bpmn:incoming>SequenceFlow_1iwnh8s</bpmn:incoming>' ||chr(13)||chr(10)|| '        <bpmn:outgoing>SequenceFlow_0n2wp4g</bpmn:outgoing>' ||chr(13)||chr(10)|| '      </bpmn:serviceTask>' ||chr(13)||chr(10)|| '      <bpmn:endEvent id="ingestSuccessEvent" name="ingest success event"><bpmn:extensionElements><camunda:executionListener delegateExpression="${ingestSuccessEventDelegate}" event="start" /></bpmn:extensionElements>' ||chr(13)||chr(10)|| '        <bpmn:incoming>SequenceFlow_0np9etf</bpmn:incoming>' ||chr(13)||chr(10)|| '      </bpmn:endEvent>' ||chr(13)||chr(10)|| '      <bpmn:exclusiveGateway id="ExclusiveGateway_16nlbuk" camunda:asyncBefore="true">' ||chr(13)||chr(10)|| '        <bpmn:extensionElements>' ||chr(13)||chr(10)|| '          <camunda:properties>' ||chr(13)||chr(10)|| '            <camunda:property/>' ||chr(13)||chr(10)|| '          </camunda:properties>' ||chr(13)||chr(10)|| '        </bpmn:extensionElements>' ||chr(13)||chr(10)|| '        <bpmn:incoming>SequenceFlow_1j4hj2j</bpmn:incoming>' ||chr(13)||chr(10)|| '        <bpmn:outgoing>SequenceFlow_1qfqjnh</bpmn:outgoing>' ||chr(13)||chr(10)|| '        <bpmn:outgoing>SequenceFlow_15x18qm</bpmn:outgoing>' ||chr(13)||chr(10)|| '        <bpmn:outgoing>SequenceFlow_0np9etf</bpmn:outgoing>' ||chr(13)||chr(10)|| '        <bpmn:outgoing>SequenceFlow_1gtsp32</bpmn:outgoing>' ||chr(13)||chr(10)|| '      </bpmn:exclusiveGateway>' ||chr(13)||chr(10)|| '      <bpmn:startEvent id="StartEvent_16sfszv">' ||chr(13)||chr(10)|| '        <bpmn:outgoing>SequenceFlow_0a6zqyo</bpmn:outgoing>' ||chr(13)||chr(10)|| '      </bpmn:startEvent>' ||chr(13)||chr(10)|| '      <bpmn:sequenceFlow id="SequenceFlow_1qfqjnh" name="storage failed too many times or it is processing for too long" sourceRef="ExclusiveGateway_16nlbuk" targetRef="ingestErrorEvent">' ||chr(13)||chr(10)|| '        <bpmn:conditionExpression xsi:type="bpmn:tFormalExpression">${aipStoreRetries == 0 || aipSavedCheckRetries == 0}</bpmn:conditionExpression>' ||chr(13)||chr(10)|| '      </bpmn:sequenceFlow>' ||chr(13)||chr(10)|| '      <bpmn:sequenceFlow id="SequenceFlow_0a6zqyo" sourceRef="StartEvent_16sfszv" targetRef="ServiceTask_0fxsc9x"/>' ||chr(13)||chr(10)|| '      <bpmn:sequenceFlow id="SequenceFlow_15x18qm" name="storage still processing" sourceRef="ExclusiveGateway_16nlbuk" targetRef="IntermediateThrowEvent_0oopavs">' ||chr(13)||chr(10)|| '        <bpmn:conditionExpression xsi:type="bpmn:tFormalExpression"><![CDATA[${aipState == ''PROCESSING'' && aipSavedCheckRetries > 0}]]></bpmn:conditionExpression>' ||chr(13)||chr(10)|| '      </bpmn:sequenceFlow>' ||chr(13)||chr(10)|| '      <bpmn:sequenceFlow id="SequenceFlow_0np9etf" name="storage ok" sourceRef="ExclusiveGateway_16nlbuk" targetRef="ingestSuccessEvent">' ||chr(13)||chr(10)|| '        <bpmn:conditionExpression xsi:type="bpmn:tFormalExpression"><![CDATA[${aipState == ''ARCHIVED''}]]></bpmn:conditionExpression>' ||chr(13)||chr(10)|| '      </bpmn:sequenceFlow>' ||chr(13)||chr(10)|| '      <bpmn:sequenceFlow id="SequenceFlow_1gtsp32" name="storage failed" sourceRef="ExclusiveGateway_16nlbuk" targetRef="IntermediateThrowEvent_0qpz5bp">' ||chr(13)||chr(10)|| '        <bpmn:conditionExpression xsi:type="bpmn:tFormalExpression">${aipState == ''ARCHIVAL_FAILURE'' &amp;&amp; aipStoreRetries &gt; 0}</bpmn:conditionExpression>' ||chr(13)||chr(10)|| '      </bpmn:sequenceFlow>' ||chr(13)||chr(10)|| '      <bpmn:intermediateCatchEvent id="IntermediateThrowEvent_0qpz5bp">' ||chr(13)||chr(10)|| '        <bpmn:incoming>SequenceFlow_1gtsp32</bpmn:incoming>' ||chr(13)||chr(10)|| '        <bpmn:outgoing>SequenceFlow_1589txq</bpmn:outgoing>' ||chr(13)||chr(10)|| '        <bpmn:timerEventDefinition>' ||chr(13)||chr(10)|| '          <bpmn:timeDuration xsi:type="bpmn:tFormalExpression">${aipStoreTimeout}</bpmn:timeDuration>' ||chr(13)||chr(10)|| '        </bpmn:timerEventDefinition>' ||chr(13)||chr(10)|| '      </bpmn:intermediateCatchEvent>' ||chr(13)||chr(10)|| '      <bpmn:intermediateCatchEvent id="IntermediateThrowEvent_0oopavs">' ||chr(13)||chr(10)|| '        <bpmn:incoming>SequenceFlow_15x18qm</bpmn:incoming>' ||chr(13)||chr(10)|| '        <bpmn:outgoing>SequenceFlow_0ooeftp</bpmn:outgoing>' ||chr(13)||chr(10)|| '        <bpmn:timerEventDefinition>' ||chr(13)||chr(10)|| '          <bpmn:timeDuration xsi:type="bpmn:tFormalExpression">${aipSavedCheckTimeout}</bpmn:timeDuration>' ||chr(13)||chr(10)|| '        </bpmn:timerEventDefinition>' ||chr(13)||chr(10)|| '      </bpmn:intermediateCatchEvent>' ||chr(13)||chr(10)|| '      <bpmn:endEvent id="ingestErrorEvent" name="ingest error event">' ||chr(13)||chr(10)|| '        <bpmn:incoming>SequenceFlow_1qfqjnh</bpmn:incoming>' ||chr(13)||chr(10)|| '        <bpmn:errorEventDefinition errorRef="Error_1olr0r0"/>' ||chr(13)||chr(10)|| '      </bpmn:endEvent>' ||chr(13)||chr(10)|| '      <bpmn:serviceTask id="ServiceTask_1snmjbd" name="archival storage" camunda:asyncBefore="true" camunda:delegateExpression="${archivalStorageDelegate}">' ||chr(13)||chr(10)|| '        <bpmn:extensionElements>' ||chr(13)||chr(10)|| '          <camunda:failedJobRetryTimeCycle>R5/PT1M</camunda:failedJobRetryTimeCycle>' ||chr(13)||chr(10)|| '        </bpmn:extensionElements>' ||chr(13)||chr(10)|| '        <bpmn:incoming>SequenceFlow_1589txq</bpmn:incoming>' ||chr(13)||chr(10)|| '        <bpmn:incoming>SequenceFlow_0n2wp4g</bpmn:incoming>' ||chr(13)||chr(10)|| '        <bpmn:outgoing>SequenceFlow_0oizux8</bpmn:outgoing>' ||chr(13)||chr(10)|| '      </bpmn:serviceTask>' ||chr(13)||chr(10)|| '      <bpmn:sequenceFlow id="SequenceFlow_1589txq" sourceRef="IntermediateThrowEvent_0qpz5bp" targetRef="ServiceTask_1snmjbd"/>' ||chr(13)||chr(10)|| '      <bpmn:sequenceFlow id="SequenceFlow_0n2wp4g" sourceRef="ServiceTask_0b2g5c0" targetRef="ServiceTask_1snmjbd"/>' ||chr(13)||chr(10)|| '      <bpmn:serviceTask id="ServiceTask_15sn5m2" name="storage success verifier" camunda:asyncBefore="true" camunda:delegateExpression="${storageSuccessVerifierDelegate}">' ||chr(13)||chr(10)|| '        <bpmn:extensionElements>' ||chr(13)||chr(10)|| '          <camunda:failedJobRetryTimeCycle>R5/PT1M</camunda:failedJobRetryTimeCycle>' ||chr(13)||chr(10)|| '        </bpmn:extensionElements>' ||chr(13)||chr(10)|| '        <bpmn:incoming>SequenceFlow_0oizux8</bpmn:incoming>' ||chr(13)||chr(10)|| '        <bpmn:incoming>SequenceFlow_0ooeftp</bpmn:incoming>' ||chr(13)||chr(10)|| '        <bpmn:outgoing>SequenceFlow_1j4hj2j</bpmn:outgoing>' ||chr(13)||chr(10)|| '      </bpmn:serviceTask>' ||chr(13)||chr(10)|| '      <bpmn:sequenceFlow id="SequenceFlow_1j4hj2j" sourceRef="ServiceTask_15sn5m2" targetRef="ExclusiveGateway_16nlbuk"/>' ||chr(13)||chr(10)|| '      <bpmn:sequenceFlow id="SequenceFlow_0oizux8" sourceRef="ServiceTask_1snmjbd" targetRef="ServiceTask_15sn5m2"/>' ||chr(13)||chr(10)|| '      <bpmn:sequenceFlow id="SequenceFlow_0ooeftp" sourceRef="IntermediateThrowEvent_0oopavs" targetRef="ServiceTask_15sn5m2"/>' ||chr(13)||chr(10)|| '      <bpmn:serviceTask id="ServiceTask_0fxsc9x" name="ArclibXml extractor" camunda:asyncBefore="true" camunda:delegateExpression="${arclibXmlExtractorDelegate}">' ||chr(13)||chr(10)|| '        <bpmn:incoming>SequenceFlow_0a6zqyo</bpmn:incoming>' ||chr(13)||chr(10)|| '        <bpmn:outgoing>SequenceFlow_1iwnh8s</bpmn:outgoing>' ||chr(13)||chr(10)|| '      </bpmn:serviceTask>' ||chr(13)||chr(10)|| '      <bpmn:sequenceFlow id="SequenceFlow_1iwnh8s" sourceRef="ServiceTask_0fxsc9x" targetRef="ServiceTask_0b2g5c0"/>' ||chr(13)||chr(10)|| '    </bpmn:subProcess>' ||chr(13)||chr(10)|| '    <bpmn:subProcess id="SubProcess_15fffya" triggeredByEvent="true">' ||chr(13)||chr(10)|| '      <bpmn:startEvent id="storageErrorStartEvent" name="storage error start event">' ||chr(13)||chr(10)|| '        <bpmn:outgoing>SequenceFlow_0wgkgq5</bpmn:outgoing>' ||chr(13)||chr(10)|| '        <bpmn:errorEventDefinition errorRef="Error_1olr0r0" camunda:errorCodeVariable="errorCode" camunda:errorMessageVariable="errorMessage"/>' ||chr(13)||chr(10)|| '      </bpmn:startEvent>' ||chr(13)||chr(10)|| '      <bpmn:serviceTask id="storageErrorHandler" name="storage error handler" camunda:delegateExpression="${bpmErrorHandlerDelegate}">' ||chr(13)||chr(10)|| '        <bpmn:incoming>SequenceFlow_0wgkgq5</bpmn:incoming>' ||chr(13)||chr(10)|| '        <bpmn:outgoing>SequenceFlow_1v9rnml</bpmn:outgoing>' ||chr(13)||chr(10)|| '      </bpmn:serviceTask>' ||chr(13)||chr(10)|| '      <bpmn:endEvent id="storageErrorEndEvent" name="storage error end event">' ||chr(13)||chr(10)|| '        <bpmn:incoming>SequenceFlow_1v9rnml</bpmn:incoming>' ||chr(13)||chr(10)|| '      </bpmn:endEvent>' ||chr(13)||chr(10)|| '      <bpmn:sequenceFlow id="SequenceFlow_0wgkgq5" sourceRef="storageErrorStartEvent" targetRef="storageErrorHandler"/>' ||chr(13)||chr(10)|| '      <bpmn:sequenceFlow id="SequenceFlow_1v9rnml" sourceRef="storageErrorHandler" targetRef="storageErrorEndEvent"/>' ||chr(13)||chr(10)|| '    </bpmn:subProcess>' ||chr(13)||chr(10)|| '    <bpmn:sequenceFlow id="SequenceFlow_1qyy2bs" sourceRef="formatIdentification" targetRef="antivirus"/>' ||chr(13)||chr(10)|| '    <bpmn:sequenceFlow id="SequenceFlow_1h30i5i" sourceRef="fixityGenerator" targetRef="SubProcess_07ljd3i"/>' ||chr(13)||chr(10)|| '    <bpmn:sequenceFlow id="SequenceFlow_10xr812" sourceRef="init" targetRef="formatIdentification"/>' ||chr(13)||chr(10)|| '  </bpmn:process>' ||chr(13)||chr(10)|| '  <bpmn:error id="Error_1j240sk" name="runtimeError" errorCode="java.lang.RuntimeException"/>' ||chr(13)||chr(10)|| '  <bpmn:error id="Error_16v6tah" name="bpmError" errorCode="processFailure"/>' ||chr(13)||chr(10)|| '  <bpmn:error id="Error_1olr0r0" name="storageError" errorCode="storageFailure"/>' ||chr(13)||chr(10)|| '  <bpmndi:BPMNDiagram id="BPMNDiagram_1">' ||chr(13)||chr(10)|| '    <bpmndi:BPMNPlane id="BPMNPlane_1" bpmnElement="ingestWorkflow">' ||chr(13)||chr(10)|| '      <bpmndi:BPMNShape id="StartEvent_1y3rro6_di" bpmnElement="init">' ||chr(13)||chr(10)|| '        <dc:Bounds x="-452" y="-349" width="36" height="36"/>' ||chr(13)||chr(10)|| '        <bpmndi:BPMNLabel>' ||chr(13)||chr(10)|| '          <dc:Bounds x="-440" y="-309" width="14" height="12"/>' ||chr(13)||chr(10)|| '        </bpmndi:BPMNLabel>' ||chr(13)||chr(10)|| '      </bpmndi:BPMNShape>' ||chr(13)||chr(10)|| '      <bpmndi:BPMNShape id="ServiceTask_0z6wumr_di" bpmnElement="antivirus">' ||chr(13)||chr(10)|| '        <dc:Bounds x="-252" y="-371" width="100" height="80"/>' ||chr(13)||chr(10)|| '      </bpmndi:BPMNShape>' ||chr(13)||chr(10)|| '      <bpmndi:BPMNShape id="ServiceTask_0nhvpwh_di" bpmnElement="fixityGenerator">' ||chr(13)||chr(10)|| '        <dc:Bounds x="166" y="-371" width="100" height="80"/>' ||chr(13)||chr(10)|| '      </bpmndi:BPMNShape>' ||chr(13)||chr(10)|| '      <bpmndi:BPMNShape id="SubProcess_0m3ut3d_di" bpmnElement="SubProcess_0m3ut3d" isExpanded="true">' ||chr(13)||chr(10)|| '        <dc:Bounds x="-402" y="124" width="306" height="122"/>' ||chr(13)||chr(10)|| '      </bpmndi:BPMNShape>' ||chr(13)||chr(10)|| '      <bpmndi:BPMNShape id="StartEvent_0osz2mu_di" bpmnElement="bpmErrorStartEvent">' ||chr(13)||chr(10)|| '        <dc:Bounds x="-382" y="166" width="36" height="36"/>' ||chr(13)||chr(10)|| '        <bpmndi:BPMNLabel>' ||chr(13)||chr(10)|| '          <dc:Bounds x="-392" y="204" width="74" height="24"/>' ||chr(13)||chr(10)|| '        </bpmndi:BPMNLabel>' ||chr(13)||chr(10)|| '      </bpmndi:BPMNShape>' ||chr(13)||chr(10)|| '      <bpmndi:BPMNShape id="ServiceTask_1vdb3kz_di" bpmnElement="bpmErrorHandler">' ||chr(13)||chr(10)|| '        <dc:Bounds x="-304" y="144" width="100" height="80"/>' ||chr(13)||chr(10)|| '      </bpmndi:BPMNShape>' ||chr(13)||chr(10)|| '      <bpmndi:BPMNShape id="EndEvent_0s1mmir_di" bpmnElement="bpmErrorEndEvent">' ||chr(13)||chr(10)|| '        <dc:Bounds x="-168" y="166" width="36" height="36"/>' ||chr(13)||chr(10)|| '        <bpmndi:BPMNLabel>' ||chr(13)||chr(10)|| '          <dc:Bounds x="-184" y="204" width="69" height="24"/>' ||chr(13)||chr(10)|| '        </bpmndi:BPMNLabel>' ||chr(13)||chr(10)|| '      </bpmndi:BPMNShape>' ||chr(13)||chr(10)|| '      <bpmndi:BPMNEdge id="SequenceFlow_14npmls_di" bpmnElement="SequenceFlow_14npmls">' ||chr(13)||chr(10)|| '        <di:waypoint x="-346" y="184"/>' ||chr(13)||chr(10)|| '        <di:waypoint x="-304" y="184"/>' ||chr(13)||chr(10)|| '        <bpmndi:BPMNLabel>' ||chr(13)||chr(10)|| '          <dc:Bounds x="-370" y="163" width="90" height="12"/>' ||chr(13)||chr(10)|| '        </bpmndi:BPMNLabel>' ||chr(13)||chr(10)|| '      </bpmndi:BPMNEdge>' ||chr(13)||chr(10)|| '      <bpmndi:BPMNEdge id="SequenceFlow_0zt5now_di" bpmnElement="SequenceFlow_0zt5now">' ||chr(13)||chr(10)|| '        <di:waypoint x="-204" y="184"/>' ||chr(13)||chr(10)|| '        <di:waypoint x="-168" y="184"/>' ||chr(13)||chr(10)|| '        <bpmndi:BPMNLabel>' ||chr(13)||chr(10)|| '          <dc:Bounds x="-231" y="163" width="90" height="12"/>' ||chr(13)||chr(10)|| '        </bpmndi:BPMNLabel>' ||chr(13)||chr(10)|| '      </bpmndi:BPMNEdge>' ||chr(13)||chr(10)|| '      <bpmndi:BPMNShape id="ServiceTask_1y220pq_di" bpmnElement="validator">' ||chr(13)||chr(10)|| '        <dc:Bounds x="26" y="-371" width="100" height="80"/>' ||chr(13)||chr(10)|| '      </bpmndi:BPMNShape>' ||chr(13)||chr(10)|| '      <bpmndi:BPMNShape id="ServiceTask_07dfwlp_di" bpmnElement="formatIdentification">' ||chr(13)||chr(10)|| '        <dc:Bounds x="-388" y="-371" width="100" height="80"/>' ||chr(13)||chr(10)|| '      </bpmndi:BPMNShape>' ||chr(13)||chr(10)|| '      <bpmndi:BPMNShape id="ServiceTask_1clbu9d_di" bpmnElement="fixityCheck">' ||chr(13)||chr(10)|| '        <dc:Bounds x="-115" y="-371" width="100" height="80"/>' ||chr(13)||chr(10)|| '      </bpmndi:BPMNShape>' ||chr(13)||chr(10)|| '      <bpmndi:BPMNEdge id="SequenceFlow_020l49h_di" bpmnElement="SequenceFlow_020l49h">' ||chr(13)||chr(10)|| '        <di:waypoint x="-152" y="-331"/>' ||chr(13)||chr(10)|| '        <di:waypoint x="-115" y="-331"/>' ||chr(13)||chr(10)|| '        <bpmndi:BPMNLabel>' ||chr(13)||chr(10)|| '          <dc:Bounds x="-178" y="-352" width="90" height="12"/>' ||chr(13)||chr(10)|| '        </bpmndi:BPMNLabel>' ||chr(13)||chr(10)|| '      </bpmndi:BPMNEdge>' ||chr(13)||chr(10)|| '      <bpmndi:BPMNEdge id="SequenceFlow_1lv9rpm_di" bpmnElement="SequenceFlow_1lv9rpm">' ||chr(13)||chr(10)|| '        <di:waypoint x="-15" y="-331"/>' ||chr(13)||chr(10)|| '        <di:waypoint x="26" y="-331"/>' ||chr(13)||chr(10)|| '        <bpmndi:BPMNLabel>' ||chr(13)||chr(10)|| '          <dc:Bounds x="-39" y="-352" width="90" height="12"/>' ||chr(13)||chr(10)|| '        </bpmndi:BPMNLabel>' ||chr(13)||chr(10)|| '      </bpmndi:BPMNEdge>' ||chr(13)||chr(10)|| '      <bpmndi:BPMNEdge id="SequenceFlow_118r7ij_di" bpmnElement="SequenceFlow_118r7ij">' ||chr(13)||chr(10)|| '        <di:waypoint x="126" y="-331"/>' ||chr(13)||chr(10)|| '        <di:waypoint x="166" y="-331"/>' ||chr(13)||chr(10)|| '        <bpmndi:BPMNLabel>' ||chr(13)||chr(10)|| '          <dc:Bounds x="101" y="-352" width="90" height="12"/>' ||chr(13)||chr(10)|| '        </bpmndi:BPMNLabel>' ||chr(13)||chr(10)|| '      </bpmndi:BPMNEdge>' ||chr(13)||chr(10)|| '      <bpmndi:BPMNShape id="SubProcess_07ljd3i_di" bpmnElement="SubProcess_07ljd3i" isExpanded="true">' ||chr(13)||chr(10)|| '        <dc:Bounds x="-401" y="-243" width="674" height="341"/>' ||chr(13)||chr(10)|| '      </bpmndi:BPMNShape>' ||chr(13)||chr(10)|| '      <bpmndi:BPMNShape id="ServiceTask_0b2g5c0_di" bpmnElement="ServiceTask_0b2g5c0">' ||chr(13)||chr(10)|| '        <dc:Bounds x="-381" y="-3" width="100" height="80"/>' ||chr(13)||chr(10)|| '      </bpmndi:BPMNShape>' ||chr(13)||chr(10)|| '      <bpmndi:BPMNShape id="EndEvent_0lrb2a4_di" bpmnElement="ingestSuccessEvent">' ||chr(13)||chr(10)|| '        <dc:Bounds x="195" y="-144" width="36" height="36"/>' ||chr(13)||chr(10)|| '        <bpmndi:BPMNLabel>' ||chr(13)||chr(10)|| '          <dc:Bounds x="176" y="-104" width="74" height="24"/>' ||chr(13)||chr(10)|| '        </bpmndi:BPMNLabel>' ||chr(13)||chr(10)|| '      </bpmndi:BPMNShape>' ||chr(13)||chr(10)|| '      <bpmndi:BPMNShape id="ExclusiveGateway_16nlbuk_di" bpmnElement="ExclusiveGateway_16nlbuk" isMarkerVisible="true">' ||chr(13)||chr(10)|| '        <dc:Bounds x="54" y="-92" width="50" height="50"/>' ||chr(13)||chr(10)|| '        <bpmndi:BPMNLabel>' ||chr(13)||chr(10)|| '          <dc:Bounds x="0" y="-38" width="90" height="12"/>' ||chr(13)||chr(10)|| '        </bpmndi:BPMNLabel>' ||chr(13)||chr(10)|| '      </bpmndi:BPMNShape>' ||chr(13)||chr(10)|| '      <bpmndi:BPMNShape id="StartEvent_16sfszv_di" bpmnElement="StartEvent_16sfszv">' ||chr(13)||chr(10)|| '        <dc:Bounds x="-349" y="-214" width="36" height="36"/>' ||chr(13)||chr(10)|| '        <bpmndi:BPMNLabel>' ||chr(13)||chr(10)|| '          <dc:Bounds x="-376" y="-148" width="90" height="12"/>' ||chr(13)||chr(10)|| '        </bpmndi:BPMNLabel>' ||chr(13)||chr(10)|| '      </bpmndi:BPMNShape>' ||chr(13)||chr(10)|| '      <bpmndi:BPMNEdge id="SequenceFlow_1qfqjnh_di" bpmnElement="SequenceFlow_1qfqjnh">' ||chr(13)||chr(10)|| '        <di:waypoint x="79" y="-42"/>' ||chr(13)||chr(10)|| '        <di:waypoint x="79" y="-5"/>' ||chr(13)||chr(10)|| '        <di:waypoint x="195" y="-5"/>' ||chr(13)||chr(10)|| '        <bpmndi:BPMNLabel>' ||chr(13)||chr(10)|| '          <dc:Bounds x="104" y="-66" width="88" height="48"/>' ||chr(13)||chr(10)|| '        </bpmndi:BPMNLabel>' ||chr(13)||chr(10)|| '      </bpmndi:BPMNEdge>' ||chr(13)||chr(10)|| '      <bpmndi:BPMNEdge id="SequenceFlow_0a6zqyo_di" bpmnElement="SequenceFlow_0a6zqyo">' ||chr(13)||chr(10)|| '        <di:waypoint x="-331" y="-178"/>' ||chr(13)||chr(10)|| '        <di:waypoint x="-331" y="-140"/>' ||chr(13)||chr(10)|| '        <bpmndi:BPMNLabel>' ||chr(13)||chr(10)|| '          <dc:Bounds x="-361" y="-135" width="90" height="12"/>' ||chr(13)||chr(10)|| '        </bpmndi:BPMNLabel>' ||chr(13)||chr(10)|| '      </bpmndi:BPMNEdge>' ||chr(13)||chr(10)|| '      <bpmndi:BPMNEdge id="SequenceFlow_15x18qm_di" bpmnElement="SequenceFlow_15x18qm">' ||chr(13)||chr(10)|| '        <di:waypoint x="79" y="-42"/>' ||chr(13)||chr(10)|| '        <di:waypoint x="79" y="37"/>' ||chr(13)||chr(10)|| '        <di:waypoint x="-33" y="37"/>' ||chr(13)||chr(10)|| '        <bpmndi:BPMNLabel>' ||chr(13)||chr(10)|| '          <dc:Bounds x="-4" y="42" width="56" height="24"/>' ||chr(13)||chr(10)|| '        </bpmndi:BPMNLabel>' ||chr(13)||chr(10)|| '      </bpmndi:BPMNEdge>' ||chr(13)||chr(10)|| '      <bpmndi:BPMNEdge id="SequenceFlow_0np9etf_di" bpmnElement="SequenceFlow_0np9etf">' ||chr(13)||chr(10)|| '        <di:waypoint x="79" y="-92"/>' ||chr(13)||chr(10)|| '        <di:waypoint x="79" y="-126"/>' ||chr(13)||chr(10)|| '        <di:waypoint x="195" y="-126"/>' ||chr(13)||chr(10)|| '        <bpmndi:BPMNLabel>' ||chr(13)||chr(10)|| '          <dc:Bounds x="112" y="-147" width="52" height="12"/>' ||chr(13)||chr(10)|| '        </bpmndi:BPMNLabel>' ||chr(13)||chr(10)|| '      </bpmndi:BPMNEdge>' ||chr(13)||chr(10)|| '      <bpmndi:BPMNEdge id="SequenceFlow_1gtsp32_di" bpmnElement="SequenceFlow_1gtsp32">' ||chr(13)||chr(10)|| '        <di:waypoint x="79" y="-92"/>' ||chr(13)||chr(10)|| '        <di:waypoint x="79" y="-170"/>' ||chr(13)||chr(10)|| '        <di:waypoint x="-172" y="-170"/>' ||chr(13)||chr(10)|| '        <bpmndi:BPMNLabel>' ||chr(13)||chr(10)|| '          <dc:Bounds x="-84" y="-193" width="65" height="12"/>' ||chr(13)||chr(10)|| '        </bpmndi:BPMNLabel>' ||chr(13)||chr(10)|| '      </bpmndi:BPMNEdge>' ||chr(13)||chr(10)|| '      <bpmndi:BPMNShape id="IntermediateCatchEvent_10c18o1_di" bpmnElement="IntermediateThrowEvent_0qpz5bp">' ||chr(13)||chr(10)|| '        <dc:Bounds x="-208" y="-188" width="36" height="36"/>' ||chr(13)||chr(10)|| '        <bpmndi:BPMNLabel>' ||chr(13)||chr(10)|| '          <dc:Bounds x="-235" y="-148" width="90" height="12"/>' ||chr(13)||chr(10)|| '        </bpmndi:BPMNLabel>' ||chr(13)||chr(10)|| '      </bpmndi:BPMNShape>' ||chr(13)||chr(10)|| '      <bpmndi:BPMNShape id="IntermediateCatchEvent_0wx1ml4_di" bpmnElement="IntermediateThrowEvent_0oopavs">' ||chr(13)||chr(10)|| '        <dc:Bounds x="-69" y="19" width="36" height="36"/>' ||chr(13)||chr(10)|| '        <bpmndi:BPMNLabel>' ||chr(13)||chr(10)|| '          <dc:Bounds x="-96" y="59" width="90" height="12"/>' ||chr(13)||chr(10)|| '        </bpmndi:BPMNLabel>' ||chr(13)||chr(10)|| '      </bpmndi:BPMNShape>' ||chr(13)||chr(10)|| '      <bpmndi:BPMNShape id="EndEvent_0kegd0b_di" bpmnElement="ingestErrorEvent">' ||chr(13)||chr(10)|| '        <dc:Bounds x="195" y="-23" width="36" height="36"/>' ||chr(13)||chr(10)|| '        <bpmndi:BPMNLabel>' ||chr(13)||chr(10)|| '          <dc:Bounds x="169" y="20" width="87" height="12"/>' ||chr(13)||chr(10)|| '        </bpmndi:BPMNLabel>' ||chr(13)||chr(10)|| '      </bpmndi:BPMNShape>' ||chr(13)||chr(10)|| '      <bpmndi:BPMNShape id="SubProcess_15fffya_di" bpmnElement="SubProcess_15fffya" isExpanded="true">' ||chr(13)||chr(10)|| '        <dc:Bounds x="-33" y="124" width="306" height="122"/>' ||chr(13)||chr(10)|| '      </bpmndi:BPMNShape>' ||chr(13)||chr(10)|| '      <bpmndi:BPMNShape id="StartEvent_0cn1yhs_di" bpmnElement="storageErrorStartEvent">' ||chr(13)||chr(10)|| '        <dc:Bounds x="-13" y="166" width="36" height="36"/>' ||chr(13)||chr(10)|| '        <bpmndi:BPMNLabel>' ||chr(13)||chr(10)|| '          <dc:Bounds x="-18" y="204" width="65" height="24"/>' ||chr(13)||chr(10)|| '        </bpmndi:BPMNLabel>' ||chr(13)||chr(10)|| '      </bpmndi:BPMNShape>' ||chr(13)||chr(10)|| '      <bpmndi:BPMNShape id="ServiceTask_0qpoqo1_di" bpmnElement="storageErrorHandler">' ||chr(13)||chr(10)|| '        <dc:Bounds x="65" y="144" width="100" height="80"/>' ||chr(13)||chr(10)|| '      </bpmndi:BPMNShape>' ||chr(13)||chr(10)|| '      <bpmndi:BPMNShape id="EndEvent_11w4twn_di" bpmnElement="storageErrorEndEvent">' ||chr(13)||chr(10)|| '        <dc:Bounds x="201" y="166" width="36" height="36"/>' ||chr(13)||chr(10)|| '        <bpmndi:BPMNLabel>' ||chr(13)||chr(10)|| '          <dc:Bounds x="177" y="204" width="85" height="24"/>' ||chr(13)||chr(10)|| '        </bpmndi:BPMNLabel>' ||chr(13)||chr(10)|| '      </bpmndi:BPMNShape>' ||chr(13)||chr(10)|| '      <bpmndi:BPMNEdge id="SequenceFlow_0wgkgq5_di" bpmnElement="SequenceFlow_0wgkgq5">' ||chr(13)||chr(10)|| '        <di:waypoint x="23" y="184"/>' ||chr(13)||chr(10)|| '        <di:waypoint x="65" y="184"/>' ||chr(13)||chr(10)|| '        <bpmndi:BPMNLabel>' ||chr(13)||chr(10)|| '          <dc:Bounds x="-1" y="163" width="0" height="12"/>' ||chr(13)||chr(10)|| '        </bpmndi:BPMNLabel>' ||chr(13)||chr(10)|| '      </bpmndi:BPMNEdge>' ||chr(13)||chr(10)|| '      <bpmndi:BPMNEdge id="SequenceFlow_1v9rnml_di" bpmnElement="SequenceFlow_1v9rnml">' ||chr(13)||chr(10)|| '        <di:waypoint x="165" y="184"/>' ||chr(13)||chr(10)|| '        <di:waypoint x="201" y="184"/>' ||chr(13)||chr(10)|| '        <bpmndi:BPMNLabel>' ||chr(13)||chr(10)|| '          <dc:Bounds x="138" y="163" width="0" height="12"/>' ||chr(13)||chr(10)|| '        </bpmndi:BPMNLabel>' ||chr(13)||chr(10)|| '      </bpmndi:BPMNEdge>' ||chr(13)||chr(10)|| '      <bpmndi:BPMNEdge id="SequenceFlow_1qyy2bs_di" bpmnElement="SequenceFlow_1qyy2bs">' ||chr(13)||chr(10)|| '        <di:waypoint x="-288" y="-331"/>' ||chr(13)||chr(10)|| '        <di:waypoint x="-252" y="-331"/>' ||chr(13)||chr(10)|| '        <bpmndi:BPMNLabel>' ||chr(13)||chr(10)|| '          <dc:Bounds x="-270" y="-352" width="0" height="12"/>' ||chr(13)||chr(10)|| '        </bpmndi:BPMNLabel>' ||chr(13)||chr(10)|| '      </bpmndi:BPMNEdge>' ||chr(13)||chr(10)|| '      <bpmndi:BPMNEdge id="SequenceFlow_1h30i5i_di" bpmnElement="SequenceFlow_1h30i5i">' ||chr(13)||chr(10)|| '        <di:waypoint x="216" y="-291"/>' ||chr(13)||chr(10)|| '        <di:waypoint x="216" y="-267"/>' ||chr(13)||chr(10)|| '        <di:waypoint x="-64" y="-267"/>' ||chr(13)||chr(10)|| '        <di:waypoint x="-64" y="-243"/>' ||chr(13)||chr(10)|| '        <bpmndi:BPMNLabel>' ||chr(13)||chr(10)|| '          <dc:Bounds x="76" y="-288" width="0" height="12"/>' ||chr(13)||chr(10)|| '        </bpmndi:BPMNLabel>' ||chr(13)||chr(10)|| '      </bpmndi:BPMNEdge>' ||chr(13)||chr(10)|| '      <bpmndi:BPMNEdge id="SequenceFlow_10xr812_di" bpmnElement="SequenceFlow_10xr812">' ||chr(13)||chr(10)|| '        <di:waypoint x="-416" y="-331"/>' ||chr(13)||chr(10)|| '        <di:waypoint x="-388" y="-331"/>' ||chr(13)||chr(10)|| '        <bpmndi:BPMNLabel>' ||chr(13)||chr(10)|| '          <dc:Bounds x="-402" y="-352" width="0" height="12"/>' ||chr(13)||chr(10)|| '        </bpmndi:BPMNLabel>' ||chr(13)||chr(10)|| '      </bpmndi:BPMNEdge>' ||chr(13)||chr(10)|| '      <bpmndi:BPMNShape id="ServiceTask_1snmjbd_di" bpmnElement="ServiceTask_1snmjbd">' ||chr(13)||chr(10)|| '        <dc:Bounds x="-240" y="-107" width="100" height="80"/>' ||chr(13)||chr(10)|| '      </bpmndi:BPMNShape>' ||chr(13)||chr(10)|| '      <bpmndi:BPMNEdge id="SequenceFlow_1589txq_di" bpmnElement="SequenceFlow_1589txq">' ||chr(13)||chr(10)|| '        <di:waypoint x="-190" y="-152"/>' ||chr(13)||chr(10)|| '        <di:waypoint x="-190" y="-107"/>' ||chr(13)||chr(10)|| '        <bpmndi:BPMNLabel>' ||chr(13)||chr(10)|| '          <dc:Bounds x="-220" y="-135" width="90" height="12"/>' ||chr(13)||chr(10)|| '        </bpmndi:BPMNLabel>' ||chr(13)||chr(10)|| '      </bpmndi:BPMNEdge>' ||chr(13)||chr(10)|| '      <bpmndi:BPMNEdge id="SequenceFlow_0n2wp4g_di" bpmnElement="SequenceFlow_0n2wp4g">' ||chr(13)||chr(10)|| '        <di:waypoint x="-281" y="37"/>' ||chr(13)||chr(10)|| '        <di:waypoint x="-260" y="37"/>' ||chr(13)||chr(10)|| '        <di:waypoint x="-260" y="-67"/>' ||chr(13)||chr(10)|| '        <di:waypoint x="-240" y="-67"/>' ||chr(13)||chr(10)|| '        <bpmndi:BPMNLabel>' ||chr(13)||chr(10)|| '          <dc:Bounds x="-305" y="-88" width="90" height="12"/>' ||chr(13)||chr(10)|| '        </bpmndi:BPMNLabel>' ||chr(13)||chr(10)|| '      </bpmndi:BPMNEdge>' ||chr(13)||chr(10)|| '      <bpmndi:BPMNShape id="ServiceTask_15sn5m2_di" bpmnElement="ServiceTask_15sn5m2">' ||chr(13)||chr(10)|| '        <dc:Bounds x="-101" y="-107" width="100" height="80"/>' ||chr(13)||chr(10)|| '      </bpmndi:BPMNShape>' ||chr(13)||chr(10)|| '      <bpmndi:BPMNEdge id="SequenceFlow_1j4hj2j_di" bpmnElement="SequenceFlow_1j4hj2j">' ||chr(13)||chr(10)|| '        <di:waypoint x="-1" y="-67"/>' ||chr(13)||chr(10)|| '        <di:waypoint x="54" y="-67"/>' ||chr(13)||chr(10)|| '        <bpmndi:BPMNLabel>' ||chr(13)||chr(10)|| '          <dc:Bounds x="-18" y="-88" width="90" height="12"/>' ||chr(13)||chr(10)|| '        </bpmndi:BPMNLabel>' ||chr(13)||chr(10)|| '      </bpmndi:BPMNEdge>' ||chr(13)||chr(10)|| '      <bpmndi:BPMNEdge id="SequenceFlow_0oizux8_di" bpmnElement="SequenceFlow_0oizux8">' ||chr(13)||chr(10)|| '        <di:waypoint x="-140" y="-67"/>' ||chr(13)||chr(10)|| '        <di:waypoint x="-101" y="-67"/>' ||chr(13)||chr(10)|| '        <bpmndi:BPMNLabel>' ||chr(13)||chr(10)|| '          <dc:Bounds x="-165" y="-88" width="90" height="12"/>' ||chr(13)||chr(10)|| '        </bpmndi:BPMNLabel>' ||chr(13)||chr(10)|| '      </bpmndi:BPMNEdge>' ||chr(13)||chr(10)|| '      <bpmndi:BPMNEdge id="SequenceFlow_0ooeftp_di" bpmnElement="SequenceFlow_0ooeftp">' ||chr(13)||chr(10)|| '        <di:waypoint x="-51" y="19"/>' ||chr(13)||chr(10)|| '        <di:waypoint x="-51" y="-4"/>' ||chr(13)||chr(10)|| '        <di:waypoint x="-51" y="-4"/>' ||chr(13)||chr(10)|| '        <di:waypoint x="-51" y="-27"/>' ||chr(13)||chr(10)|| '        <bpmndi:BPMNLabel>' ||chr(13)||chr(10)|| '          <dc:Bounds x="-81" y="-10" width="90" height="12"/>' ||chr(13)||chr(10)|| '        </bpmndi:BPMNLabel>' ||chr(13)||chr(10)|| '      </bpmndi:BPMNEdge>' ||chr(13)||chr(10)|| '      <bpmndi:BPMNShape id="ServiceTask_0fxsc9x_di" bpmnElement="ServiceTask_0fxsc9x">' ||chr(13)||chr(10)|| '        <dc:Bounds x="-381" y="-140" width="100" height="80"/>' ||chr(13)||chr(10)|| '      </bpmndi:BPMNShape>' ||chr(13)||chr(10)|| '      <bpmndi:BPMNEdge id="SequenceFlow_1iwnh8s_di" bpmnElement="SequenceFlow_1iwnh8s">' ||chr(13)||chr(10)|| '        <di:waypoint x="-331" y="-60"/>' ||chr(13)||chr(10)|| '        <di:waypoint x="-331" y="-3"/>' ||chr(13)||chr(10)|| '      </bpmndi:BPMNEdge>' ||chr(13)||chr(10)|| '    </bpmndi:BPMNPlane>' ||chr(13)||chr(10)|| '  </bpmndi:BPMNDiagram>' ||chr(13)||chr(10)|| '</bpmn:definitions>', 'Workflow definition 2');

INSERT INTO public.arclib_sip_profile(id, created, updated, deleted, xsl, authorial_id_file_path_glob_pattern, authorial_id_xpath, sip_metadata_path_glob_pattern,name,package_type, editable)
VALUES ('3cdc21a2-8b2a-4b56-81a8-3d2ee82ab6b4', '2018-03-08 08:00:00', '2018-03-08 08:00:00', null,
'
<xsl:stylesheet version="2.0" xmlns:xsl="http://www.w3.org/1999/XSL/Transform" xmlns:METS="http://www.loc.gov/METS/" xmlns:xs="http://www.w3.org/2001/XMLSchema" xmlns:ARCLib="http://arclib.lib.cas.cz/ARCLIB_XSD" xmlns:premis="info:lc/xmlns/premis-v2" xmlns:mix="http://www.loc.gov/mix/v20" xmlns:xlink="http://www.w3.org/1999/xlink" ><!-- == SPECIFICATION OF INPUT FILES == --><!--Path to SIP passed from the Java code--><xsl:param name="pathToSip"/><!--Path to main XML record (METS in the root folder) of SIP passed from the Java code--><xsl:param name="sipMetadataPath"/><xsl:variable name="sipMetadata" select="document(concat(''file:///'', $sipMetadataPath))/*"/><!-- == SETTING THE DEFAULT DOCUMENT == --><xsl:template match="/"><xsl:apply-templates select="$sipMetadata"/></xsl:template><!-- == CUSTOM TEMPLATES == --><xsl:template match="/METS:mets"><xsl:variable name="amdSecs" select="document(//METS:fileGrp[@ID=''TECHMDGRP'']/METS:file/METS:FLocat/concat(''file:///'', $pathToSip,@xlink:href))"/><xsl:copy><xsl:attribute name="LABEL"><xsl:value-of select="@LABEL"/></xsl:attribute><xsl:attribute name="TYPE"><xsl:value-of select="@TYPE"/></xsl:attribute><xsl:element name="METS:metsHdr"><xsl:copy-of select="/METS:mets/METS:metsHdr/METS:agent"/></xsl:element><xsl:copy-of select="METS:dmdSec"/><!--generate ARCLib:formats--><xsl:element name="METS:amdSec"><xsl:element name="METS:techMD"><xsl:attribute name="ID">ARCLIB_001</xsl:attribute><xsl:element name="METS:mdWrap"><xsl:attribute name="MDTYPE">OTHER</xsl:attribute><xsl:element name="METS:xmlData"><xsl:element name="ARCLib:formats"><xsl:for-each-group select="$amdSecs/METS:mets/METS:amdSec/METS:techMD/METS:mdWrap/ METS:xmlData/premis:object" group-by="concat(premis:objectCharacteristics/premis:format, premis:objectCharacteristics/premis:creatingApplication/ premis:creatingApplicationName, premis:objectCharacteristics/premis:creatingApplication/ premis:creatingApplicationVersion, substring(premis:objectCharacteristics/premis:creatingApplication/ premis:dateCreatedByApplication, 1, 10))"><xsl:element name="ARCLib:format"><xsl:element name="ARCLib:fileFormat"><xsl:value-of select="premis:objectCharacteristics/premis:format/ premis:formatDesignation/premis:formatName"/></xsl:element><xsl:element name="ARCLib:formatVersion"><xsl:value-of select="premis:objectCharacteristics/premis:format/ premis:formatDesignation/premis:formatVersion"/></xsl:element><xsl:element name="ARCLib:formatRegistryKey"><xsl:value-of select="premis:objectCharacteristics/premis:format/ premis:formatRegistry/premis:formatRegistryKey"/></xsl:element><xsl:element name="ARCLib:formatRegistryName"><xsl:value-of select="premis:objectCharacteristics/premis:format/ premis:formatRegistry/premis:formatRegistryName"/></xsl:element><xsl:element name="ARCLib:creatingApplicationName"><xsl:value-of select="premis:objectCharacteristics/premis:creatingApplication/ premis:creatingApplicationName"/></xsl:element><xsl:element name="ARCLib:creatingApplicationVersion"><xsl:value-of select="premis:objectCharacteristics/premis:creatingApplication/ premis:creatingApplicationVersion"/></xsl:element><xsl:element name="ARCLib:dateCreatedByApplication"><xsl:value-of select="substring(premis:objectCharacteristics/ premis:creatingApplication/premis:dateCreatedByApplication, 1, 10)"/></xsl:element><xsl:element name="ARCLib:preservationLevelValue"><xsl:value-of select="premis:preservationLevel/premis:preservationLevelValue"/></xsl:element><xsl:variable name="scannerModelSerialNo" select="/METS:mets/METS:amdSec/METS:techMD/METS:mdWrap/ METS:xmlData/mix:mix[mix:BasicDigitalObjectInformation/ mix:ObjectIdentifier/mix:objectIdentifierValue/text()= current()/premis:objectIdentifier/premis:objectIdentifierValue/text()] /mix:ImageCaptureMetadata/mix:ScannerCapture/mix:ScannerModel/ mix:scannerModelSerialNo" /><xsl:if test="$scannerModelSerialNo"><xsl:element name="ARCLib:scannerModelSerialNo"><xsl:value-of select="$scannerModelSerialNo"/></xsl:element></xsl:if><xsl:element name="ARCLib:fileCount"><xsl:value-of select="count(current-group())"/></xsl:element><xsl:element name="ARCLib:size"><xsl:value-of select="xs:decimal(sum(current-group()/premis:objectCharacteristics/premis:size/text()))"/></xsl:element></xsl:element></xsl:for-each-group></xsl:element></xsl:element></xsl:element></xsl:element></xsl:element><!--generate ARCLib:devices--><xsl:element name="METS:amdSec"><xsl:element name="METS:techMD"><xsl:attribute name="ID">ARCLIB_002</xsl:attribute><xsl:element name="METS:mdWrap"><xsl:attribute name="MDTYPE">OTHER</xsl:attribute><xsl:element name="METS:xmlData"><xsl:element name="ARCLib:devices"><xsl:for-each-group select="$amdSecs/METS:mets/METS:amdSec/METS:digiprovMD/METS:mdWrap/ METS:xmlData/premis:event" group-by="premis:linkingAgentIdentifier/premis:linkingAgentIdentifierValue"><xsl:element name="ARCLib:device"><xsl:element name="ARCLib:deviceId"><xsl:value-of select="current-grouping-key()"/></xsl:element><xsl:element name="ARCLib:fileCount"><xsl:value-of select="count(current-group())"/></xsl:element></xsl:element></xsl:for-each-group></xsl:element></xsl:element></xsl:element></xsl:element></xsl:element><!--generate ARCLib:eventAgents--><xsl:element name="METS:amdSec"><xsl:element name="METS:techMD"><xsl:attribute name="ID">ARCLIB_003</xsl:attribute><xsl:element name="METS:mdWrap"><xsl:attribute name="MDTYPE">OTHER</xsl:attribute><xsl:element name="METS:xmlData"><xsl:element name="ARCLib:eventAgents"><xsl:for-each-group select="$amdSecs/METS:mets/METS:amdSec/METS:digiprovMD/ METS:mdWrap/METS:xmlData/premis:event" group-by="concat(premis:eventType, premis:linkingAgentIdentifier/premis:linkingAgentIdentifierValue, substring(premis:eventDateTime, 1, 10))"><xsl:element name="ARCLib:eventAgent"><xsl:element name="ARCLib:eventType"><xsl:value-of select="premis:eventType"/></xsl:element><xsl:element name="ARCLib:agentName"><xsl:value-of select="distinct-values(/METS:mets/METS:amdSec/METS:digiprovMD/METS:mdWrap/ METS:xmlData/premis:agent[premis:agentIdentifier/ premis:agentIdentifierValue/text() = current()/premis:linkingAgentIdentifier/ premis:linkingAgentIdentifierValue/text()]/premis:agentName)"/></xsl:element><xsl:element name="ARCLib:linkingDeviceID"><xsl:value-of select="premis:linkingAgentIdentifier/premis:linkingAgentIdentifierValue"/></xsl:element><xsl:variable name="scannerModelSerialNo" select="/METS:mets/METS:amdSec/METS:techMD/METS:mdWrap/METS:xmlData/ mix:mix[mix:BasicDigitalObjectInformation/mix:ObjectIdentifier/ mix:objectIdentifierValue = current()/premis:linkingObjectIdentifier/ premis:linkingObjectIdentifierValue]/mix:ImageCaptureMetadata/ mix:ScannerCapture/mix:ScannerModel/mix:scannerModelSerialNo" /><xsl:if test="$scannerModelSerialNo"><xsl:element name="ARCLib:scannerModelSerialNo"><xsl:value-of select="$scannerModelSerialNo"/></xsl:element></xsl:if><xsl:variable name="scanningSoftwareName" select="/METS:mets/METS:amdSec/METS:techMD/METS:mdWrap/METS:xmlData/ mix:mix[mix:BasicDigitalObjectInformation/mix:ObjectIdentifier/ mix:objectIdentifierValue = current()/premis:linkingObjectIdentifier/ premis:linkingObjectIdentifierValue]/mix:ImageCaptureMetadata/ mix:ScannerCapture/mix:ScanningSystemSoftware/mix:scanningSoftwareName" /><xsl:if test="$scanningSoftwareName"><xsl:element name="ARCLib:scanningSoftwareName"><xsl:value-of select="$scanningSoftwareName"/></xsl:element></xsl:if><xsl:element name="ARCLib:eventDate"><xsl:value-of select="substring(premis:eventDateTime, 1, 10)"/></xsl:element><xsl:element name="ARCLib:eventCount"><xsl:value-of select="count(current-group())"/></xsl:element></xsl:element></xsl:for-each-group></xsl:element></xsl:element></xsl:element></xsl:element></xsl:element><!--generate ARCLib:ImageCaptureMetadata--><xsl:element name="METS:amdSec"><xsl:element name="METS:techMD"><xsl:attribute name="ID">ARCLIB_004</xsl:attribute><xsl:element name="METS:mdWrap"><xsl:attribute name="MDTYPE">OTHER</xsl:attribute><xsl:element name="METS:xmlData"><xsl:element name="ARCLib:ImageCaptureInformation"><xsl:for-each-group select="$amdSecs/METS:mets/METS:amdSec/METS:techMD/METS:mdWrap/ METS:xmlData/mix:mix/mix:ImageCaptureMetadata" group-by="concat(substring(mix:GeneralCaptureInformation/mix:dateTimeCreated, 1, 10), mix:GeneralCaptureInformation/mix:imageProducer, mix:ScannerCapture/mix:ScannerModel/mix:scannerModelSerialNo)"><xsl:element name="ARCLib:ImageCaptureMetadata"><xsl:element name="ARCLib:dateCreated"><xsl:value-of select="substring(mix:GeneralCaptureInformation/mix:dateTimeCreated, 1, 10)"/></xsl:element><xsl:element name="ARCLib:imageProducer"><xsl:value-of select="mix:GeneralCaptureInformation/mix:imageProducer"/></xsl:element><xsl:element name="ARCLib:scannerModelSerialNo"><xsl:value-of select="mix:ScannerCapture/mix:ScannerModel/mix:scannerModelSerialNo"/></xsl:element><xsl:element name="ARCLib:eventCount"><xsl:value-of select="count(current-group())"/></xsl:element></xsl:element></xsl:for-each-group></xsl:element></xsl:element></xsl:element></xsl:element></xsl:element><!--generate ARCLib:creatingApplication--><xsl:element name="METS:amdSec"><xsl:element name="METS:techMD"><xsl:attribute name="ID">ARCLIB_005</xsl:attribute><xsl:element name="METS:mdWrap"><xsl:attribute name="MDTYPE">OTHER</xsl:attribute><xsl:element name="METS:xmlData"><xsl:element name="ARCLib:creatingApplications"><xsl:for-each-group select="$amdSecs/METS:mets/METS:amdSec/METS:techMD/METS:mdWrap/ METS:xmlData/premis:object" group-by="concat(premis:objectCharacteristics/premis:creatingApplication/ premis:creatingApplicationName, premis:objectCharacteristics/premis:creatingApplication/ premis:creatingApplicationVersion, substring(premis:objectCharacteristics/premis:creatingApplication/ premis:dateCreatedByApplication, 1, 10))"><xsl:element name="ARCLib:creatingApplication"><xsl:element name="ARCLib:creatingApplicationName"><xsl:value-of select="premis:objectCharacteristics/premis:creatingApplication/ premis:creatingApplicationName"/></xsl:element><xsl:element name="ARCLib:creatingApplicationVersion"><xsl:value-of select="premis:objectCharacteristics/premis:creatingApplication/ premis:creatingApplicationVersion"/></xsl:element><xsl:element name="ARCLib:dateCreatedByApplication"><xsl:value-of select="substring(premis:objectCharacteristics/ premis:creatingApplication/premis:dateCreatedByApplication, 1, 10)"/></xsl:element><xsl:element name="ARCLib:eventCount"><xsl:value-of select="count(current-group())"/></xsl:element></xsl:element></xsl:for-each-group></xsl:element></xsl:element></xsl:element></xsl:element></xsl:element></xsl:copy></xsl:template><!-- == GENERIC TEMPLATES: == --><!-- Copy the children of the current node. --><xsl:template name="copy-children"><xsl:copy-of select="./*"/></xsl:template><!-- Generic identity template --><xsl:template match="node()|@*"><xsl:copy><xsl:apply-templates select="@*"/><xsl:apply-templates/></xsl:copy></xsl:template></xsl:stylesheet>
', 'mets*.xml', '/mets/@LABEL', 'mets*.xml','Sip profile 1','METS', 'false');

INSERT INTO public.arclib_producer_profile(id, external_id, created, updated, deleted, producer_id, validation_profile_id, sip_profile_id, workflow_config, workflow_definition_id, name, debugging_mode_active)
VALUES ('b0384aeb-5169-459a-b5f4-483e6ad7b949', '901', '2018-03-08 08:00:00', '2018-03-08 08:00:00', null, 'aa7ddcc5-5b81-4747-bfeb-1850d952a359', '7916f84a-8958-4427-9c3c-6232f5326237', '3cdc21a2-8b2a-4b56-81a8-3d2ee82ab6b4', '
{"fixityCheck": [{ "continueOnMissingFiles": true, "continueOnUnsupportedChecksumType": true, "continueOnInvalidChecksums":
true }],"antivirus":[{"type":"CLAMAV","cmd":["clamscan","-r"],"infectedSipAction":"QUARANTINE"}], "formatIdentification":
[{"type":"DROID","parsedColumn": "PUID", "pathsAndFormats":[]}]}
', 'b1b6cc1a-0581-4e35-8b42-49e293753c16','Producer profile 1', false);
INSERT INTO public.arclib_producer_profile(id, external_id, created, updated, deleted, producer_id, validation_profile_id, sip_profile_id, workflow_config, workflow_definition_id, name, debugging_mode_active)
VALUES ('2c56db60-1a60-4789-9a8c-8b7da3893277', '902', '2018-03-07 12:00:00', '2018-03-07 14:30:00', null, 'aa7ddcc5-5b81-4747-bfeb-1850d952a359', '11d925f6-b5bf-4c28-873f-9ab0f09e1155', '3cdc21a2-8b2a-4b56-81a8-3d2ee82ab6b4', 'config2', '04015868-55c8-4856-90ec-df933f92d69f','Producer profile 2', false);

INSERT INTO public.uas_job(id, created, updated, deleted, "name", timing, script, script_type, active)
VALUES ('fec19674-025a-4a25-98b2-34ae46ece670', '2018-03-08 08:00:00', '2018-03-08 08:00:00', null, 'Ingest routine', '*/30 * * * * ?', 'package scripts; import cz.cas.lib.arclib.service.CoordinatorService; CoordinatorService coordinatorService = spring.getBean(CoordinatorService.class); coordinatorService.processBatchOfSips(externalId, workflowConfig, transferAreaPath, creatorId);', 'GROOVY', false);
INSERT INTO public.uas_job (id, created, updated, deleted, "name", timing, script, script_type, active)
VALUES ('9f9ea368-4f8b-4849-b0cd-954bf9b77569', '2018-12-03 09:37:38.559', '2018-12-03 09:37:38.559', null, 'Format revision notification sender.', '1 1 1 1 */6 ?', 'package scripts; import cz.cas.lib.arclib.service.FormatsRevisionNotificationService; FormatsRevisionNotificationService service = spring.getBean(FormatsRevisionNotificationService.class); service.sendFormatsRevisionNotification(message)', 'GROOVY', true);


INSERT INTO public.arclib_ingest_routine(id, created, updated, deleted, producer_profile_id, transfer_area_path, workflow_config, job_id,name)
VALUES ('700cb19d-ca86-4031-b557-233bab3ec686', '2018-03-08 08:00:00', '2018-03-08 08:00:00', null, 'b0384aeb-5169-459a-b5f4-483e6ad7b949', 'customTransferArea1', '{"antivirus":{"type":"clamav","cmd":["clamscan","-r"],"infectedSipAction":"QUARANTINE"}, "fixityCheck": { "continueOnMissingFiles": true, "continueOnUnsupportedChecksumType": true, "continueOnInvalidChecksums": true }, "formatIdentification":{"type":"DROID","parsedColumn": "PUID", "pathsAndFormats":[]}}', 'fec19674-025a-4a25-98b2-34ae46ece670','Ingest routine 1');

INSERT INTO public.arclib_batch(id, created, updated, deleted, state, producer_profile_id, workflow_config, transfer_area_path, debugging_mode_active, bpm_def_deployed, pending_incidents)
VALUES ('e1205cc2-5bcc-4ba1-a2ce-b27ffe8d83e0', '2018-03-08 08:00:00', '2018-03-08 08:00:00', null, 'PROCESSED', 'b0384aeb-5169-459a-b5f4-483e6ad7b949', '{"attribute":"value", "attribute2":"value2"}', 'transfer/area/path/1', false,false, false);
INSERT INTO public.arclib_batch(id, created, updated, deleted, state, producer_profile_id, workflow_config, transfer_area_path, debugging_mode_active, bpm_def_deployed, pending_incidents)
VALUES ('0ce8b6db-95d9-4f76-8c95-60338cda9d07', '2018-03-08 09:00:00', '2018-03-08 09:00:00', null, 'SUSPENDED', 'b0384aeb-5169-459a-b5f4-483e6ad7b949', '{"attribute":"value", "attribute2":"value2"}', 'transfer/area/path/2', false,false, false);
INSERT INTO public.arclib_batch(id, created, updated, deleted, state, producer_profile_id, workflow_config,transfer_area_path, debugging_mode_active, bpm_def_deployed, pending_incidents)
VALUES ('ab8e9862-a600-4592-aaf6-0c019e241ccb', '2018-03-08 10:00:00', '2018-03-08 10:00:00', null, 'CANCELED', '2c56db60-1a60-4789-9a8c-8b7da3893277', '{"attribute":"value", "attribute2":"value2"}', 'transfer/area/path/3', false,false, false);
INSERT INTO public.arclib_batch(id, created, updated, deleted, state, producer_profile_id, workflow_config,transfer_area_path, debugging_mode_active, bpm_def_deployed, pending_incidents)
VALUES ('33bb0117-c254-410b-9b72-24321dce2847', '2018-03-08 10:00:00', '2018-03-08 10:00:00', null, 'PROCESSING', '2c56db60-1a60-4789-9a8c-8b7da3893277', '{"attribute":"value", "attribute2":"value2"}', 'transfer/area/path/4', false,false, false);

INSERT INTO public.arclib_ingest_workflow_failure_info(id, msg, stack_trace, ingest_workflow_failure_type)
VALUES ('867f32b1-d721-467a-b889-52248ac13b18', 'exceptionmsg1', 'KZJ5slTCcKCUgduOknmDswHP5TpAxK2ut7Abnw47L1ovSFhGwRk nERcsPvWsl87DwGZOB2b55X136SMgOFFawHBYBG 1sXCQBv2yYhT1TkT2qO7DPAbwfuz50P1ufMCICny2A0N2kH6v0MUx3UL vhCZIyU3XJSXw6OVrXlhK2oM3PrbRDoH enfggeKmeLo0kukuQWKFpbwEPfYmqEXq6TlBsjAg3q6NmzRwwdL1yFxIqT3zZbFm5LVTuppOhZMepLYOzalwgLQA5xPxwAa98XPRNqqk0eDbnmmFtqYe1W2 vbEfBN5UYmqq1IrDd1SgCHjZ2itiPrfFQdnnmsUcKAEjLzpIh4ieicIsEfad mX9s9FFAS5OtENxcFJjW347Kd0AGMHOD8rKaWw7TiVHDzFUiWBHeL1fMTvnZjtjG86K7UnE7n5Fgea8vEhH5taxmyMDMTlVIalx0y0R4SdN3qBN2NTaPMMbMxMriSfKCazRw5qSB 4bUOUeBtEqIiCCpvmFcID2kqXPVP0dN5gLnpeNAyHBft3Nj3LvP53gqBYn i5S7t4a0i8R6RThu6EIZoTSEa8 vdFQoTZiNiBDJ8UoDqRVFLGs9ldiudoPQKeXA0z9OBI8OD0gCLlnVak6PBqLJSfZnaxOJleXasLsL6Ybps1ubKhsZtILTPDtJOyQqryZ8ZoIlVQBiSzFgP6eQRYcsAAeV40wMV69dnxWa4ttTcO xsBXxjd3JGG1QB6Y2stt0S8IrMur5qcRs8coq pIGMX5XyF1ZzA01D4h89KAzVgLkMEl qn37YoGXV33hbPRwltxvDyrymrGS lBXk9o72NCVsViiEBBY9ftPyfm0ySVVMudXI8lqey3W45uGN0Am1u9oMIVTFzW2FshGJmieZecnaLWJ3GH SUn01KlfA9WkGYMGqUlD09kkc8az4flBUq9 KOTU0DiXJTMGfd35GvNWxq2QeGphknwHIpcjPo9V fLlORdJ9apPWT89JDkAKHGpgEHEnuMLrmjBibzZmCyZW94QL6aGDA2akPxFVwF u4hWL488GMA9uXncVahGsn50v9gJQ8k6hL3zWjHssD8Qq KZJ5slTCcKCUgduOknmDswHP5TpAxK2ut7Abnw47L1ovSFhGwRk nERcsPvWsl87DwGZOB2b55X136SMgOFFawHBYBG 1sXCQBv2yYhT1TkT2qO7DPAbwfuz50P1ufMCICny2A0N2kH6v0MUx3UL vhCZIyU3XJSXw6OVrXlhK2oM3PrbRDoH enfggeKmeLo0kukuQWKFpbwEPfYmqEXq6TlBsjAg3q6NmzRwwdL1yFxIqT3zZbFm5LVTuppOhZMepLYOzalwgLQA5xPxwAa98XPRNqqk0eDbnmmFtqYe1W2 vbEfBN5UYmqq1IrDd1SgCHjZ2itiPrfFQdnnmsUcKAEjLzpIh4ieicIsEfad mX9s9FFAS5OtENxcFJjW347Kd0AGMHOD8rKaWw7TiVHDzFUiWBHeL1fMTvnZjtjG86K7UnE7n5Fgea8vEhH5taxmyMDMTlVIalx0y0R4SdN3qBN2NTaPMMbMxMriSfKCazRw5qSB 4bUOUeBtEqIiCCpvmFcID2kqXPVP0dN5gLnpeNAyHBft3Nj3LvP53gqBYn i5S7t4a0i8R6RThu6EIZoTSEa8 vdFQoTZiNiBDJ8UoDqRVFLGs9ldiudoPQKeXA0z9OBI8OD0gCLlnVak6PBqLJSfZnaxOJleXasLsL6Ybps1ubKhsZtILTPDtJOyQqryZ8ZoIlVQBiSzFgP6eQRYcsAAeV40wMV69dnxWa4ttTcO xsBXxjd3JGG1QB6Y2stt0S8IrMur5qcRs8coq pIGMX5XyF1ZzA01D4h89KAzVgLkMEl qn37YoGXV33hbPRwltxvDyrymrGS lBXk9o72NCVsViiEBBY9ftPyfm0ySVVMudXI8lqey3W45uGN0Am1u9oMIVTFzW2FshGJmieZecnaLWJ3GH SUn01KlfA9WkGYMGqUlD09kkc8az4flBUq9 KOTU0DiXJTMGfd35GvNWxq2QeGphknwHIpcjPo9V fLlORdJ9apPWT89JDkAKHGpgEHEnuMLrmjBibzZmCyZW94QL6aGDA2akPxFVwF u4hWL488GMA9uXncVahGsn50v9gJQ8k6hL3zWjHssD8Qq KZJ5slTCcKCUgduOknmDswHP5TpAxK2ut7Abnw47L1ovSFhGwRk nERcsPvWsl87DwGZOB2b55X136SMgOFFawHBYBG 1sXCQBv2yYhT1TkT2qO7DPAbwfuz50P1ufMCICny2A0N2kH6v0MUx3UL vhCZIyU3XJSXw6OVrXlhK2oM3PrbRDoH enfggeKmeLo0kukuQWKFpbwEPfYmqEXq6TlBsjAg3q6NmzRwwdL1yFxIqT3zZbFm5LVTuppOhZMepLYOzalwgLQA5xPxwAa98XPRNqqk0eDbnmmFtqYe1W2 vbEfBN5UYmqq1IrDd1SgCHjZ2itiPrfFQdnnmsUcKAEjLzpIh4ieicIsEfad mX9s9FFAS5OtENxcFJjW347Kd0AGMHOD8rKaWw7TiVHDzFUiWBHeL1fMTvnZjtjG86K7UnE7n5Fgea8vEhH5taxmyMDMTlVIalx0y0R4SdN3qBN2NTaPMMbMxMriSfKCazRw5qSB 4bUOUeBtEqIiCCpvmFcID2kqXPVP0dN5gLnpeNAyHBft3Nj3LvP53gqBYn i5S7t4a0i8R6RThu6EIZoTSEa8 vdFQoTZiNiBDJ8UoDqRVFLGs9ldiudoPQKeXA0z9OBI8OD0gCLlnVak6PBqLJSfZnaxOJleXasLsL6Ybps1ubKhsZtILTPDtJOyQqryZ8ZoIlVQBiSzFgP6eQRYcsAAeV40wMV69dnxWa4ttTcO xsBXxjd3JGG1QB6Y2stt0S8IrMur5qcRs8coq pIGMX5XyF1ZzA01D4h89KAzVgLkMEl qn37YoGXV33hbPRwltxvDyrymrGS lBXk9o72NCVsViiEBBY9ftPyfm0ySVVMudXI8lqey3W45uGN0Am1u9oMIVTFzW2FshGJmieZecnaLWJ3GH SUn01KlfA9WkGYMGqUlD09kkc8az4flBUq9 KOTU0DiXJTMGfd35GvNWxq2QeGphknwHIpcjPo9V fLlORdJ9apPWT89JDkAKHGpgEHEnuMLrmjBibzZmCyZW94QL6aGDA2akPxFVwF u4hWL488GMA9uXncVahGsn50v9gJQ8k6hL3zWjHssD8Qq KZJ5slTCcKCUgduOknmDswHP5TpAxK2ut7Abnw47L1ovSFhGwRk nERcsPvWsl87DwGZOB2b55X136SMgOFFawHBYBG 1sXCQBv2yYhT1TkT2qO7DPAbwfuz50P1ufMCICny2A0N2kH6v0MUx3UL vhCZIyU3XJSXw6OVrXlhK2oM3PrbRDoH enfggeKmeLo0kukuQWKFpbwEPfYmqEXq6TlBsjAg3q6NmzRwwdL1yFxIqT3zZbFm5LVTuppOhZMepLYOzalwgLQA5xPxwAa98XPRNqqk0eDbnmmFtqYe1W2 vbEfBN5UYmqq1IrDd1SgCHjZ2itiPrfFQdnnmsUcKAEjLzpIh4ieicIsEfad mX9s9FFAS5OtENxcFJjW347Kd0AGMHOD8rKaWw7TiVHDzFUiWBHeL1fMTvnZjtjG86K7UnE7n5Fgea8vEhH5taxmyMDMTlVIalx0y0R4SdN3qBN2NTaPMMbMxMriSfKCazRw5qSB 4bUOUeBtEqIiCCpvmFcID2kqXPVP0dN5gLnpeNAyHBft3Nj3LvP53gqBYn i5S7t4a0i8R6RThu6EIZoTSEa8 vdFQoTZiNiBDJ8UoDqRVFLGs9ldiudoPQKeXA0z9OBI8OD0gCLlnVak6PBqLJSfZnaxOJleXasLsL6Ybps1ubKhsZtILTPDtJOyQqryZ8ZoIlVQBiSzFgP6eQRYcsAAeV40wMV69dnxWa4ttTcO xsBXxjd3JGG1QB6Y2stt0S8IrMur5qcRs8coq pIGMX5XyF1ZzA01D4h89KAzVgLkMEl qn37YoGXV33hbPRwltxvDyrymrGS lBXk9o72NCVsViiEBBY9ftPyfm0ySVVMudXI8lqey3W45uGN0Am1u9oMIVTFzW2FshGJmieZecnaLWJ3GH SUn01KlfA9WkGYMGqUlD09kkc8az4flBUq9 KOTU0DiXJTMGfd35GvNWxq2QeGphknwHIpcjPo9V fLlORdJ9apPWT89JDkAKHGpgEHEnuMLrmjBibzZmCyZW94QL6aGDA2akPxFVwF u4hWL488GMA9uXncVahGsn50v9gJQ8k6hL3zWjHssD8Qq KZJ5slTCcKCUgduOknmDswHP5TpAxK2ut7Abnw47L1ovSFhGwRk nERcsPvWsl87DwGZOB2b55X136SMgOFFawHBYBG 1sXCQBv2yYhT1TkT2qO7DPAbwfuz50P1ufMCICny2A0N2kH6v0MUx3UL vhCZIyU3XJSXw6OVrXlhK2oM3PrbRDoH enfggeKmeLo0kukuQWKFpbwEPfYmqEXq6TlBsjAg3q6NmzRwwdL1yFxIqT3zZbFm5LVTuppOhZMepLYOzalwgLQA5xPxwAa98XPRNqqk0eDbnmmFtqYe1W2 vbEfBN5UYmqq1IrDd1SgCHjZ2itiPrfFQdnnmsUcKAEjLzpIh4ieicIsEfad mX9s9FFAS5OtENxcFJjW347Kd0AGMHOD8rKaWw7TiVHDzFUiWBHeL1fMTvnZjtjG86K7UnE7n5Fgea8vEhH5taxmyMDMTlVIalx0y0R4SdN3qBN2NTaPMMbMxMriSfKCazRw5qSB 4bUOUeBtEqIiCCpvmFcID2kqXPVP0dN5gLnpeNAyHBft3Nj3LvP53gqBYn i5S7t4a0i8R6RThu6EIZoTSEa8 vdFQoTZiNiBDJ8UoDqRVFLGs9ldiudoPQKeXA0z9OBI8OD0gCLlnVak6PBqLJSfZnaxOJleXasLsL6Ybps1ubKhsZtILTPDtJOyQqryZ8ZoIlVQBiSzFgP6eQRYcsAAeV40wMV69dnxWa4ttTcO xsBXxjd3JGG1QB6Y2stt0S8IrMur5qcRs8coq pIGMX5XyF1ZzA01D4h89KAzVgLkMEl qn37YoGXV33hbPRwltxvDyrymrGS lBXk9o72NCVsViiEBBY9ftPyfm0ySVVMudXI8lqey3W45uGN0Am1u9oMIVTFzW2FshGJmieZecnaLWJ3GH SUn01KlfA9WkGYMGqUlD09kkc8az4flBUq9 KOTU0DiXJTMGfd35GvNWxq2QeGphknwHIpcjPo9V fLlORdJ9apPWT89JDkAKHGpgEHEnuMLrmjBibzZmCyZW94QL6aGDA2akPxFVwF u4hWL488GMA9uXncVahGsn50v9gJQ8k6hL3zWjHssD8Qq ',
'INTERNAL_ERROR');
INSERT INTO public.arclib_ingest_workflow_failure_info(id, msg, stack_trace, ingest_workflow_failure_type)
VALUES ('06d049f9-ea37-41eb-b9e8-28254061ef5a', 'exceptionmsg2', 'stacktrace', 'BPM_ERROR');
INSERT INTO public.arclib_ingest_workflow_failure_info(id, msg, stack_trace, ingest_workflow_failure_type)
VALUES ('c920dc8b-f774-4a6e-ab15-1b5f6b1910a7', 'exceptionmsg3', 'stacktrace', 'INCIDENT_CANCELLATION');
INSERT INTO public.arclib_ingest_workflow_failure_info(id, msg, stack_trace, ingest_workflow_failure_type)
VALUES ('c2e0a3fb-5507-4ac8-b7cf-1a5f146f6def', 'exceptionmsg4', 'stacktrace', 'INVALID_CHECKSUM');

INSERT INTO public.arclib_hash(id, created, updated, deleted, hash_value, hash_type)
VALUES ('d7a03b76-52eb-4459-b354-dc6395cc5254', '2018-03-08 08:00:00', '2018-03-08 08:00:00', null, 'ad0234829205b9033196ba818f7a872b', 'MD5');
INSERT INTO public.arclib_hash(id, created, updated, deleted, hash_value, hash_type)
VALUES ('e7a03b76-52eb-4459-b354-dc6395cc5254', '2018-03-08 08:00:00', '2018-03-08 08:00:00', null, '098f6bcd4621d373cade4e832627b4f6', 'MD5');
INSERT INTO public.arclib_hash(id, created, updated, deleted, hash_value, hash_type)
VALUES ('a7a03b76-52eb-4459-b354-dc6395cc5254', '2018-03-08 08:00:00', '2018-03-08 08:00:00', null, '9ece086e9bac491fac5c1d1046ca11d737b92a2b2ebd93f005d7b710110c0a678288166e7fbe796883a4f2e9b3ca9f484f521d0ce464345cc1aec96779149c14', 'Sha512');
INSERT INTO public.arclib_hash(id, created, updated, deleted, hash_value, hash_type)
VALUES ('c7a03b76-52eb-4459-b354-dc6395cc5254', '2018-03-08 08:00:00', '2018-03-08 08:00:00', null, 'd87f7e0c', 'Crc32');
--arclib xml 1 hash
INSERT INTO public.arclib_hash(id, created, updated, deleted, hash_value, hash_type)
VALUES ('71571b15-53db-46cc-be84-9498a0cff8a3', '2018-03-08 08:00:00', '2018-03-08 08:00:00', null, '31f1d462ae6f89456edf567f4b1e64f7367a830659c9a3953e44117a314ca5fa8c0e6efb6c2953e358f9edc9f5b377cdfa0f948120a435b29b6a89ecbbea8480', 'Sha512');
--arclib xml 2 hash
INSERT INTO public.arclib_hash(id, created, updated, deleted, hash_value, hash_type)
VALUES ('6748c4a4-0840-4bfb-8d3c-50df1882f666', '2018-03-08 08:00:00', '2018-03-08 08:00:00', null, 'd9e7bd5c5d36d58a0c915d477f0cd8c2ea380f9b37501196a848718b72af19303ca89f1f8859de1c344b3ade3c0e6905041e562b36b1048aed79ce96a0aad187', 'Sha512');
--arclib xml 3 hash
INSERT INTO public.arclib_hash(id, created, updated, deleted, hash_value, hash_type)
VALUES ('e4fe1dbf-fdb2-440d-89aa-356df3fe794a', '2018-03-08 08:00:00', '2018-03-08 08:00:00', null, '3c45d7e9e1d331d59da19fa01e636355b974b49c9ea4f0e87720af239fe49fe58e4d3b7e13dcd74e03a7f59601fee8ca98f6c60b45809b0a25f865455ffb11f7', 'Sha512');
--arclib xml 4 hash
INSERT INTO public.arclib_hash(id, created, updated, deleted, hash_value, hash_type)
VALUES ('88f510a8-f002-4e20-b7f6-3cbaeaf28b00', '2018-03-08 08:00:00', '2018-03-08 08:00:00', null, '3a94794891c255fe1bee032db86db38919086d7fc20de19679f3fd2e3654c8b53f8f84689c8a803819c4834b2910169529a3ef19a76514a57e469bac1fc82f67', 'Sha512');
--arclib xml 5 hash
INSERT INTO public.arclib_hash(id, created, updated, deleted, hash_value, hash_type)
VALUES ('ee0cb888-2b04-48e0-b8bf-4befba5f8dc9', '2018-03-08 08:00:00', '2018-03-08 08:00:00', null, '789bb4da2852013b46388a326f530e62c4a51dc7a9ca10cda66d44505398b91b737e31bf5bd61484f893a6b2f0ef47738226c98fae7abb206763ae2e19f7b547', 'Sha512');

--simple ingests
INSERT INTO public.arclib_authorial_package(id, created, updated, deleted, authorial_id)
VALUES ('b8a03b76-52eb-4459-b354-dc6395cc5254', '2018-03-08 08:00:00', '2018-03-08 08:00:00', null, 'authorialId1');
INSERT INTO public.arclib_sip(id, created, updated, deleted, folder_structure, authorial_package_id,previous_version_sip_id, version_number)
VALUES ('692b3812-8ed6-4260-9ef6-a04a30f71c4c', '2018-03-08 08:00:00', '2018-03-08 08:00:00', null, null, 'b8a03b76-52eb-4459-b354-dc6395cc5254',null, '1');
INSERT INTO public.arclib_ingest_workflow(id, external_id, batch_id, file_name, processing_state, hash_id, created, updated, deleted, versioning_level, sip_id, related_workflow_id, xml_version_number, is_latest_version, arclib_xml_hash_id)
VALUES ('b17981cc-2923-48bb-a183-97277a3500b1', 'ARCLIB_900000001', 'e1205cc2-5bcc-4ba1-a2ce-b27ffe8d83e0',  'nameOfFile1', 'NEW', 'e7a03b76-52eb-4459-b354-dc6395cc5254', '2018-03-08 08:00:00', '2018-03-08 08:00:00', null, 'NO_VERSIONING', '692b3812-8ed6-4260-9ef6-a04a30f71c4c', null, 1,
false, null);
INSERT INTO public.arclib_sip_h(sip_id, hash_id) VALUES ('692b3812-8ed6-4260-9ef6-a04a30f71c4c', 'd7a03b76-52eb-4459-b354-dc6395cc5254');

INSERT INTO public.arclib_authorial_package(id, created, updated, deleted, authorial_id)
VALUES ('17b5b857-f28b-4807-b258-3bc927269018', '2018-03-08 08:00:00', '2018-03-08 08:00:00', null, 'authorialId2');
INSERT INTO public.arclib_sip(id, created, updated, deleted, folder_structure, authorial_package_id,previous_version_sip_id, version_number)
VALUES ('501b5843-0287-46ee-a658-696b6b34f7d6', '2018-03-08 08:00:00', '2018-03-08 08:00:00', null, null, '17b5b857-f28b-4807-b258-3bc927269018',null, '1');
INSERT INTO public.arclib_ingest_workflow(id, external_id, batch_id, file_name, processing_state, hash_id, created, updated, deleted, versioning_level, sip_id, related_workflow_id, xml_version_number, is_latest_version, arclib_xml_hash_id)
VALUES ('64fc41cf-2a62-4fa3-8e64-b38c469bb3a1', 'ARCLIB_900000002', 'e1205cc2-5bcc-4ba1-a2ce-b27ffe8d83e0',  'nameOfFile2', 'PROCESSING','a7a03b76-52eb-4459-b354-dc6395cc5254','2018-03-08 09:00:00', '2018-03-08 09:00:00', null, 'NO_VERSIONING', '501b5843-0287-46ee-a658-696b6b34f7d6', null, 1,
false, null);
INSERT INTO public.arclib_sip_h(sip_id, hash_id) VALUES ('501b5843-0287-46ee-a658-696b6b34f7d6', 'd7a03b76-52eb-4459-b354-dc6395cc5254');

--PROCESSED SIPS
--authorial package with multiple versions
INSERT INTO public.arclib_authorial_package(id, created, updated, deleted, authorial_id)
VALUES ('6fc1a9ed-72ea-4eb3-a52a-b3f12b4404e4', '2018-03-08 08:00:00', '2018-03-08 08:00:00', null, 'authorialId3');
--first sip version
INSERT INTO public.arclib_sip(id, created, updated, deleted, folder_structure, authorial_package_id,previous_version_sip_id, version_number)
VALUES ('4b66655a-819a-474f-8203-6c432815df1f', '2018-03-08 08:00:00', '2018-03-08 08:00:00', null, null, '6fc1a9ed-72ea-4eb3-a52a-b3f12b4404e4',null, '1');
INSERT INTO public.arclib_ingest_workflow(id, external_id, batch_id, file_name, processing_state, hash_id, created, updated, deleted, versioning_level, sip_id, related_workflow_id, xml_version_number, is_latest_version, arclib_xml_hash_id)
VALUES ('a768f51d-1147-4ce6-9fd6-2d4e86c86d28', 'ARCLIB_900000003', 'e1205cc2-5bcc-4ba1-a2ce-b27ffe8d83e0',  'nameOfFile3', 'PERSISTED', 'c7a03b76-52eb-4459-b354-dc6395cc5254','2018-03-08 10:00:00', '2018-03-08 10:00:00', null, 'NO_VERSIONING', '4b66655a-819a-474f-8203-6c432815df1f', null, '1',
false, '71571b15-53db-46cc-be84-9498a0cff8a3');
INSERT INTO public.arclib_ingest_workflow(id, external_id, batch_id, file_name, processing_state, hash_id, created, updated, deleted, versioning_level, sip_id, related_workflow_id, xml_version_number, is_latest_version, arclib_xml_hash_id)
VALUES ('b83c6c3e-13e5-41bf-8cd3-82100db98f1c', 'ARCLIB_900000004', 'e1205cc2-5bcc-4ba1-a2ce-b27ffe8d83e0',  'nameOfFile5', 'PERSISTED','c7a03b76-52eb-4459-b354-dc6395cc5254','2018-03-08 11:00:00', '2018-03-08 11:11:00', null,'ARCLIB_XML_VERSIONING','4b66655a-819a-474f-8203-6c432815df1f','a768f51d-1147-4ce6-9fd6-2d4e86c86d28', '2', false, '6748c4a4-0840-4bfb-8d3c-50df1882f666');
INSERT INTO public.arclib_sip_h(sip_id, hash_id) VALUES ('4b66655a-819a-474f-8203-6c432815df1f', 'd7a03b76-52eb-4459-b354-dc6395cc5254');

--second sip version
INSERT INTO public.arclib_sip(id, created, updated, deleted, folder_structure, authorial_package_id,previous_version_sip_id, version_number)
VALUES ('8b2efafd-b637-4b97-a8f7-1b97dd4ee622', '2018-03-08 08:00:00', '2018-03-08 08:00:00', null, null, '6fc1a9ed-72ea-4eb3-a52a-b3f12b4404e4','4b66655a-819a-474f-8203-6c432815df1f', '2');
INSERT INTO public.arclib_ingest_workflow(id, external_id, batch_id, file_name, processing_state, hash_id, created, updated, deleted, versioning_level, sip_id, related_workflow_id, xml_version_number, is_latest_version, arclib_xml_hash_id)
VALUES ('9053d4ad-9da2-43c0-8d57-6e789dc79cb3', 'ARCLIB_900000005', 'e1205cc2-5bcc-4ba1-a2ce-b27ffe8d83e0',  'nameOfFile6', 'PERSISTED', 'c7a03b76-52eb-4459-b354-dc6395cc5254','2018-03-08 12:00:00', '2018-03-08 12:12:00', null,'SIP_PACKAGE_VERSIONING','8b2efafd-b637-4b97-a8f7-1b97dd4ee622','b83c6c3e-13e5-41bf-8cd3-82100db98f1c', '1', false, 'e4fe1dbf-fdb2-440d-89aa-356df3fe794a');
INSERT INTO public.arclib_ingest_workflow(id, external_id, batch_id, file_name, processing_state, hash_id, created, updated, deleted, versioning_level, sip_id, related_workflow_id, xml_version_number, is_latest_version, arclib_xml_hash_id)
VALUES ('ff923b52-b65d-4f4d-8185-a07861952697', 'ARCLIB_900000006', 'e1205cc2-5bcc-4ba1-a2ce-b27ffe8d83e0',  'nameOfFile7', 'PERSISTED', 'c7a03b76-52eb-4459-b354-dc6395cc5254','2018-03-08 13:00:00', '2018-03-08 13:13:00', null,'ARCLIB_XML_VERSIONING','8b2efafd-b637-4b97-a8f7-1b97dd4ee622','9053d4ad-9da2-43c0-8d57-6e789dc79cb3', 2, true, '88f510a8-f002-4e20-b7f6-3cbaeaf28b00');
INSERT INTO public.arclib_sip_h(sip_id, hash_id) VALUES ('8b2efafd-b637-4b97-a8f7-1b97dd4ee622', 'd7a03b76-52eb-4459-b354-dc6395cc5254');

--different authorial packaged7a03b76-52eb-4459-b354-dc6395cc5254
INSERT INTO public.arclib_authorial_package(id, created, updated, deleted, authorial_id)
VALUES ('bf962ddb-2180-4e56-a27b-cabdd793844e', '2018-03-08 08:00:00', '2018-03-08 08:00:00', null, 'authorialId4');
INSERT INTO public.arclib_sip(id, created, updated, deleted, folder_structure, authorial_package_id,previous_version_sip_id, version_number)
VALUES ('89f82da0-af78-4461-bf92-7382050082a1', '2018-03-08 08:00:00', '2018-03-08 08:00:00', null, null, 'bf962ddb-2180-4e56-a27b-cabdd793844e',null, '1');
INSERT INTO public.arclib_ingest_workflow(id, external_id, batch_id, file_name, processing_state, hash_id, created, updated, deleted, versioning_level, sip_id, related_workflow_id, xml_version_number, is_latest_version, arclib_xml_hash_id)
VALUES ('233d8010-20d1-4fc4-a857-155b41507765', 'ARCLIB_900000007', 'e1205cc2-5bcc-4ba1-a2ce-b27ffe8d83e0',  'nameOfFileX', 'PERSISTED', 'c7a03b76-52eb-4459-b354-dc6395cc5254','2018-03-08 10:00:00', '2018-03-08 10:00:00', null, 'NO_VERSIONING', '89f82da0-af78-4461-bf92-7382050082a1', null, '1',
true, 'ee0cb888-2b04-48e0-b8bf-4befba5f8dc9');
INSERT INTO public.arclib_sip_h(sip_id, hash_id) VALUES ('89f82da0-af78-4461-bf92-7382050082a1', 'd7a03b76-52eb-4459-b354-dc6395cc5254');

--FAILED SIPS
INSERT INTO public.arclib_authorial_package(id, created, updated, deleted, authorial_id)
VALUES ('d719b80e-6a80-4f91-b7a1-5b989df3242e', '2018-03-08 08:00:00', '2018-03-08 08:00:00', null, 'authorialId5');
INSERT INTO public.arclib_sip(id, created, updated, deleted, folder_structure, authorial_package_id,previous_version_sip_id, version_number)
VALUES ('ae180c95-c527-4b3b-84f8-1f9fb56d3e6f', '2018-03-08 08:00:00', '2018-03-08 08:00:00', null, null, 'd719b80e-6a80-4f91-b7a1-5b989df3242e',null, '1');
INSERT INTO public.arclib_ingest_workflow(id, external_id, batch_id, file_name, processing_state, hash_id, created, updated, deleted, ingest_workflow_failure_info_id, versioning_level, sip_id, related_workflow_id, xml_version_number, is_latest_version, arclib_xml_hash_id)
VALUES ('8661abbc-60bc-4d0e-8924-500626899a3f', 'ARCLIB_900000008', 'ab8e9862-a600-4592-aaf6-0c019e241ccb',  'nameOfFile4', 'FAILED', 'd7a03b76-52eb-4459-b354-dc6395cc5254','2018-03-08 11:00:00', '2018-03-08 11:00:00', null,'867f32b1-d721-467a-b889-52248ac13b18', 'NO_VERSIONING', 'ae180c95-c527-4b3b-84f8-1f9fb56d3e6f', null, '1', false, null);
INSERT INTO public.arclib_sip_h(sip_id, hash_id) VALUES ('ae180c95-c527-4b3b-84f8-1f9fb56d3e6f', 'd7a03b76-52eb-4459-b354-dc6395cc5254');

INSERT INTO public.arclib_authorial_package(id, created, updated, deleted, authorial_id)
VALUES ('e2d79b58-57bc-4e53-b588-5f3000c489c0', '2018-03-08 08:00:00', '2018-03-08 08:00:00', null, 'authorialId6');
INSERT INTO public.arclib_sip(id, created, updated, deleted, folder_structure, authorial_package_id,previous_version_sip_id, version_number)
VALUES ('03514d26-3165-4eb6-9005-b153c406fa1b', '2018-03-08 08:00:00', '2018-03-08 08:00:00', null, null, 'e2d79b58-57bc-4e53-b588-5f3000c489c0',null, '1');
INSERT INTO public.arclib_ingest_workflow(id, external_id, batch_id, file_name, processing_state, hash_id, created, updated, deleted, ingest_workflow_failure_info_id, versioning_level, sip_id, related_workflow_id, xml_version_number, is_latest_version, arclib_xml_hash_id)
VALUES ('0b682b04-f512-4862-802c-44313ed3802b', 'ARCLIB_900000009', 'ab8e9862-a600-4592-aaf6-0c019e241ccb',  'nameOfFile5', 'FAILED', 'd7a03b76-52eb-4459-b354-dc6395cc5254','2018-03-08 12:00:00', '2018-03-08 12:00:00', null,'06d049f9-ea37-41eb-b9e8-28254061ef5a', 'NO_VERSIONING', '03514d26-3165-4eb6-9005-b153c406fa1b',null, '1', false, null);
INSERT INTO public.arclib_sip_h(sip_id, hash_id) VALUES ('03514d26-3165-4eb6-9005-b153c406fa1b', 'd7a03b76-52eb-4459-b354-dc6395cc5254');

INSERT INTO public.arclib_authorial_package(id, created, updated, deleted, authorial_id)
VALUES ('77c60598-5f2e-41e8-9ed7-d2f6299cca07', '2018-03-08 08:00:00', '2018-03-08 08:00:00', null, 'authorialId7');
INSERT INTO public.arclib_sip(id, created, updated, deleted, folder_structure, authorial_package_id,previous_version_sip_id, version_number)
VALUES ('aeffbe50-7c61-4e82-8f7a-625ea09ae80d', '2018-03-08 08:00:00', '2018-03-08 08:00:00', null, null, '77c60598-5f2e-41e8-9ed7-d2f6299cca07',null, '1');
INSERT INTO public.arclib_ingest_workflow(id, external_id, batch_id, file_name, processing_state, hash_id, created, updated, deleted, ingest_workflow_failure_info_id, versioning_level, sip_id, related_workflow_id, xml_version_number, is_latest_version, arclib_xml_hash_id)
VALUES ('d483106e-d721-4ab8-94d3-4e582d571c13', 'ARCLIB_900000010', 'ab8e9862-a600-4592-aaf6-0c019e241ccb',  'nameOfFile6', 'FAILED', 'd7a03b76-52eb-4459-b354-dc6395cc5254','2018-03-08 13:00:00', '2018-03-08 13:00:00', null,'c920dc8b-f774-4a6e-ab15-1b5f6b1910a7', 'NO_VERSIONING', 'aeffbe50-7c61-4e82-8f7a-625ea09ae80d', null, '1', false, null);
INSERT INTO public.arclib_sip_h(sip_id, hash_id) VALUES ('aeffbe50-7c61-4e82-8f7a-625ea09ae80d', 'd7a03b76-52eb-4459-b354-dc6395cc5254');

INSERT INTO public.arclib_authorial_package(id, created, updated, deleted, authorial_id)
VALUES ('ec27b6b8-fa1c-46dc-8ade-91912ee81c0b', '2018-03-08 08:00:00', '2018-03-08 08:00:00', null, 'authorialId8');
INSERT INTO public.arclib_sip(id, created, updated, deleted, folder_structure, authorial_package_id,previous_version_sip_id, version_number)
VALUES ('ba6ebf37-daf2-40a1-80e0-4b779e14c7f1', '2018-03-08 08:00:00', '2018-03-08 08:00:00', null, null, 'ec27b6b8-fa1c-46dc-8ade-91912ee81c0b',null, '1');
INSERT INTO public.arclib_ingest_workflow(id, external_id, batch_id, file_name, processing_state, hash_id, created, updated, deleted, ingest_workflow_failure_info_id, versioning_level, sip_id, related_workflow_id, xml_version_number, is_latest_version, arclib_xml_hash_id)
VALUES ('14619bd1-5d5b-461e-b2cd-d6f0bee20dd5', 'ARCLIB_9000000011', 'ab8e9862-a600-4592-aaf6-0c019e241ccb',  'nameOfFile7', 'FAILED', 'd7a03b76-52eb-4459-b354-dc6395cc5254', '2018-03-08 14:00:00', '2018-03-08 14:00:00', null,'c2e0a3fb-5507-4ac8-b7cf-1a5f146f6def', 'NO_VERSIONING', 'ba6ebf37-daf2-40a1-80e0-4b779e14c7f1', null, '1', false, null);
INSERT INTO public.arclib_sip_h(sip_id, hash_id) VALUES ('ba6ebf37-daf2-40a1-80e0-4b779e14c7f1', 'd7a03b76-52eb-4459-b354-dc6395cc5254');

INSERT INTO public.arclib_aip_deletion_request(id, created, updated, deleted, aip_id, requester_id, confirmer1_id, confirmer2_id)
VALUES ('cd85231b-3480-476e-b52f-44e50082d476', '2018-03-08 08:00:00', '2018-03-08 08:00:00', null, 'aeffbe50-7c61-4e82-8f7a-625ea09ae80d',
'd0e40e7b-d31b-46ba-8bf0-3c3fd9e3c25e', null, null);

insert into public.arclib_ingest_issue_definition (id, "number", code,name,created,updated,deleted,description,solution,reconfigurable) values
('7cef3702-7c0f-4279-9427-0028387d66d1','2','CONFIG_PARSE_ERROR','config parser error','2018-03-08 08:00:00', '2018-03-08 08:00:00', null,'value in JSON config could not be parsed','see the ingest issue definition for details about the wrong config value and update the config',true);

insert into public.arclib_ingest_issue_definition (id, "number", code,name,created,updated,deleted,description,solution,reconfigurable) values
('48f3ff3b-d0e2-4d2d-80e5-359931866788','3','FILE_VIRUS_FOUND','virus found','2018-03-08 08:00:00', '2018-03-08 08:00:00', null,'virus has been found in one or more files','the issue is solved according to mandatory JSON config value at /antivirus/infectedSipAction; supported config values: "IGNORE": the infected files are ignored and Ingest workflow process continues, "QUARANTINE": the infected files are moved to the quarantine and the Ingest workflow process is stopped, "CANCEL": the Ingest workflow process is stopped',true);

insert into public.arclib_ingest_issue_definition (id, "number", code,name,created,updated,deleted,description,solution,reconfigurable) values
('d36b245a-0407-44d5-882e-5afb0f6321cb','4','FILE_MISSING','missing file','2018-03-08 08:00:00', '2018-03-08 08:00:00', null,'one or more files are missing in SIP','the issue may be solved by setting JSON config value at /fixityCheck/continueOnMissingFiles to true',true);

insert into public.arclib_ingest_issue_definition (id, "number", code,name,created,updated,deleted,description,solution,reconfigurable) values
('ae9c3f11-908a-4e78-9d83-387365a619f5','5','FILE_INVALID_CHECKSUM','invalid checksum (file)','2018-03-08 08:00:00', '2018-03-08 08:00:00', null,'one or more files of SIP have invalid checksum','the issue may be solved by setting JSON config value at /fixityCheck/continueOnInvalidChecksums to true',true);

insert into public.arclib_ingest_issue_definition (id, "number", code,name,created,updated,deleted,description,solution,reconfigurable) values
('a8d48f32-5244-4416-adb9-eb3186d215d4','6','FILE_UNSUPPORTED_CHECKSUM_TYPE','unsupported checksum type','2018-03-08 08:00:00', '2018-03-08 08:00:00', null,'one or more files of SIP is linked with checksum of unsupported type in the SIP metadata','the issue may be solved by setting JSON config value at /fixityCheck/continueOnUnsupportedChecksumType to true',true);

insert into public.arclib_ingest_issue_definition (id, "number", code,name,created,updated,deleted,description,solution,reconfigurable) values
('c6e031e7-0a54-41b8-9958-213f13bb12c8','7','FILE_FORMAT_RESOLVED_BY_CONFIG','format resolved by config','2018-03-08 08:00:00', '2018-03-08 08:00:00', null,null,null,true);

insert into public.arclib_ingest_issue_definition (id, "number", code,name,created,updated,deleted,description,solution,reconfigurable) values
('39093925-e1d1-4c35-b3e1-662852e18ba8','8','FILE_FORMAT_UNRESOLVABLE','format unresolvable','2018-03-08 08:00:00', '2018-03-08 08:00:00', null,null,null,true);

insert into public.arclib_ingest_issue_definition (id, "number", code,name,created,updated,deleted,description,solution,reconfigurable) values
('1af54fb0-a3f4-4262-a3f4-60cb0959dd6e','9','AUTHORIAL_PACKAGE_LOCKED','authorial package locked','2018-03-08 08:00:00', '2018-03-08 08:00:00', null,'authorial package is locked by another ongoing ingest process','wait until the ongoing ingest process is finished, resolve or cancel (thus cancel the ingest process) the respective incidents if any occurred',false);

insert into public.arclib_ingest_issue_definition (id, "number", code,name,created,updated,deleted,description,solution,reconfigurable) values
('6e3f8886-93be-4079-a580-d2f8cca7318f','10','INTERNAL_ERROR','internal error','2018-03-08 08:00:00', '2018-03-08 08:00:00', null,'unexpected system error','contact administrator',false);

insert into public.arclib_ingest_issue_definition (id, "number", code,name,created,updated,deleted,description,solution,reconfigurable) values
('1d98c8bc-0a10-49f1-a93a-44f1b5244571','11','INVALID_CHECKSUM','invalid checksum (SIP)','2018-03-08 08:00:00', '2018-03-08 08:00:00', null,'invalid checksum provided with the SIP','compute new checksum and run new batch with repaired SIP-hash pair through routine or through manual ingest',false);

insert into public.arclib_ingest_issue_definition (id, "number", code,name,created,updated,deleted,description,solution,reconfigurable) values
('5ddfe482-2310-44d3-a99f-cef201c8c2b6','12','BATCH_CANCELLATION','batch cancellation','2018-03-08 08:00:00', '2018-03-08 08:00:00', null,'the batch has been cancelled while the ingest workflow was waiting in queue, before its processing even started','',false);

insert into public.arclib_ingest_issue_definition (id, "number", code,name,created,updated,deleted,description,solution,reconfigurable) values
('c8152325-a7e7-468a-ad0d-86dc8488b4ed','13','INCIDENT_CANCELLATION','incident cancellation','2018-03-08 08:00:00', '2018-03-08 08:00:00', null,'incident has occurred during ingest and it was cancelled so tha ingest workflow has failed','',false);

insert into public.arclib_ingest_issue_definition (id, "number", code,name,created,updated,deleted,description,solution,reconfigurable) values
('d1fca45f-4545-40db-adcf-4ecddfe023c1','14','BPM_ERROR','bpm error','2018-03-08 08:00:00', '2018-03-08 08:00:00', null,'controlled error, ingest workflow has encountered a state in which it should fail (the failure behavior is described by JSON config)','',false);

insert into public.arclib_tool (id,name,created,updated,deleted,version,description,tool_function,documentation,format_relation_type,format_relation_value,internal) values
('d920fc98-aabf-445d-9795-f56501d5e153','ARCLib_virus_check','2018-03-08 08:00:00', '2018-03-08 08:00:00', null,null,null,'virus_check',null,'ALL',null,true);

insert into public.arclib_tool (id,name,created,updated,deleted,version,description,tool_function,documentation,format_relation_type,format_relation_value,internal) values
('34d50605-b886-4f14-a2a7-b2983d8d435b','ARCLib_validation','2018-03-08 08:00:00', '2018-03-08 08:00:00', null,null,null,'validation',null,'ALL',null,true);

insert into public.arclib_tool (id,name,created,updated,deleted,version,description,tool_function,documentation,format_relation_type,format_relation_value,internal) values
('6d4ffc4f-56dc-45c5-9fbb-3042f651ebb9','ARCLib_message_digest_calculation','2018-03-08 08:00:00', '2018-03-08 08:00:00', null,null,null,'message_digest_calculation',null,'ALL',null,true);

insert into public.arclib_tool (id,name,created,updated,deleted,version,description,tool_function,documentation,format_relation_type,format_relation_value,internal) values
('b1ffa416-c815-47c3-be0e-f7a5404a805e','ARCLib_fixity_check','2018-03-08 08:00:00', '2018-03-08 08:00:00', null,null,null,'fixity_check',null,'ALL',null,true);

insert into public.arclib_tool (id,name,created,updated,deleted,version,description,tool_function,documentation,format_relation_type,format_relation_value,internal) values
('2f2aa04b-c275-4c94-8b82-60a07bc5b577','ARCLib_mets_fixity_check','2018-03-08 08:00:00', '2018-03-08 08:00:00', null,null,null,'fixity_check',null,'ALL',null,true);

insert into public.arclib_tool (id,name,created,updated,deleted,version,description,tool_function,documentation,format_relation_type,format_relation_value,internal) values
('9460e07e-d00c-4729-b861-74b0c29f8527','ARCLib_bagit_fixity_check','2018-03-08 08:00:00', '2018-03-08 08:00:00', null,null,null,'fixity_check',null,'ALL',null,true);

insert into public.arclib_tool (id,name,created,updated,deleted,version,description,tool_function,documentation,format_relation_type,format_relation_value,internal) values
('104968c7-bb33-4f84-ad6f-0fd4dfaf0f36','ARCLib_format_identification','2018-03-08 08:00:00', '2018-03-08 08:00:00', null,null,null,'format_identification',null,'ALL',null,true);

insert into public.arclib_tool (id,name,created,updated,deleted,version,description,tool_function,documentation,format_relation_type,format_relation_value,internal) values
('e1c83f3a-c03a-4231-8c8c-102a53c0f6ed','ARCLib_metadata_extraction','2018-03-08 08:00:00', '2018-03-08 08:00:00', null,null,null,'metadata_extraction',null,'ALL',null,true);

insert into public.arclib_tool (id,name,created,updated,deleted,version,description,tool_function,documentation,format_relation_type,format_relation_value,internal) values
('c0068cb1-5755-4133-9be9-f49840f19ec3','ARCLib_metadata_modification','2018-03-08 08:00:00', '2018-03-08 08:00:00', null,null,null,'metadata_modification',null,'ALL',null,true);

insert into public.arclib_tool (id,name,created,updated,deleted,version,description,tool_function,documentation,format_relation_type,format_relation_value,internal) values
('f1660385-d85e-49eb-abb0-077f7534d93c','ARCLib_transfer','2018-03-08 08:00:00', '2018-03-08 08:00:00', null,null,null,'transfer',null,'ALL',null,true);

INSERT INTO public.arclib_tool
(id, "name", created, updated, deleted, "version", description, tool_function, license_information, documentation, format_relation_type, format_relation_value, internal)
VALUES('61669cb0-2459-4715-9920-3950c8e79326', 'DROID', '2018-11-05 23:32:33.921', '2018-11-05 23:32:33.921', NULL, 'DROID: version: 6.4, Signature files: 1. Type: Binary Version:  91  File name: DROID_SignatureFile_V91.xml 2. Type: Container Version:  20170330  File name: container-signature-20170330.xml', null, 'format_identification', 'New BSD', 'Lorem ipsum dolor sit amet, consectetur adipiscing elit. Nulla erat augue, tincidunt vitae elementum quis, ultricies a augue. Pellentesque habitant morbi tristique senectus et netus et malesuada fames ac turpis egestas. Suspendisse potenti. Praesent rhoncus enim ac sem posuere, eget rhoncus lectus ullamcorper. Phasellus orci sapien, viverra at mauris quis, sollicitudin convallis mi. Ut fermentum vehicula neque, a ultrices tellus vulputate at. Lorem ipsum dolor sit amet, consectetur adipiscing elit. Donec sit amet ligula viverra, consectetur magna in, scelerisque nisl. Nunc semper placerat risus id fermentum.', 'ALL', null, false);
INSERT INTO public.arclib_tool
(id, "name", created, updated, deleted, "version", description, tool_function, license_information, documentation, format_relation_type, format_relation_value, internal)
VALUES('801b4429-30a3-4b1b-b71f-173506f508da', 'CLAMAV', '2018-11-05 23:32:57.553', '2018-11-05 23:32:57.553', NULL, 'CLAMAV version: ClamAV 0.100.2', 'Lorem ipsum dolor sit amet, consectetur adipiscing elit. Nulla erat augue, tincidunt vitae elementum quis, ultricies a augue. Pellentesque habitant morbi tristique senectus et netus et malesuada fames ac turpis egestas. Suspendisse potenti. Praesent rhoncus enim ac sem posuere, eget rhoncus lectus ullamcorper. Phasellus orci sapien, viverra at mauris quis, sollicitudin convallis mi. Ut fermentum vehicula neque, a ultrices tellus vulputate at. Lorem ipsum dolor sit amet, consectetur adipiscing elit. Donec sit amet ligula viverra, consectetur magna in, scelerisque nisl. Nunc semper placerat risus id fermentum.', 'virus_check', 'GNU', null, 'ALL', null, false);

insert into public.arclib_tool_ingest_issue_definition(tool_id,ingest_issue_definition_id) values('61669cb0-2459-4715-9920-3950c8e79326','39093925-e1d1-4c35-b3e1-662852e18ba8');
insert into public.arclib_tool_ingest_issue_definition(tool_id,ingest_issue_definition_id) values('61669cb0-2459-4715-9920-3950c8e79326','c6e031e7-0a54-41b8-9958-213f13bb12c8');
insert into public.arclib_tool_ingest_issue_definition(tool_id,ingest_issue_definition_id) values('61669cb0-2459-4715-9920-3950c8e79326','7cef3702-7c0f-4279-9427-0028387d66d1');
insert into public.arclib_tool_ingest_issue_definition(tool_id,ingest_issue_definition_id) values('801b4429-30a3-4b1b-b71f-173506f508da','48f3ff3b-d0e2-4d2d-80e5-359931866788');
insert into public.arclib_tool_ingest_issue_definition(tool_id,ingest_issue_definition_id) values('d920fc98-aabf-445d-9795-f56501d5e153','7cef3702-7c0f-4279-9427-0028387d66d1');
insert into public.arclib_tool_ingest_issue_definition(tool_id,ingest_issue_definition_id) values('104968c7-bb33-4f84-ad6f-0fd4dfaf0f36','7cef3702-7c0f-4279-9427-0028387d66d1');
insert into public.arclib_tool_ingest_issue_definition(tool_id,ingest_issue_definition_id) values('9460e07e-d00c-4729-b861-74b0c29f8527','a8d48f32-5244-4416-adb9-eb3186d215d4');
insert into public.arclib_tool_ingest_issue_definition(tool_id,ingest_issue_definition_id) values('9460e07e-d00c-4729-b861-74b0c29f8527','ae9c3f11-908a-4e78-9d83-387365a619f5');
insert into public.arclib_tool_ingest_issue_definition(tool_id,ingest_issue_definition_id) values('9460e07e-d00c-4729-b861-74b0c29f8527','d36b245a-0407-44d5-882e-5afb0f6321cb');
insert into public.arclib_tool_ingest_issue_definition(tool_id,ingest_issue_definition_id) values('2f2aa04b-c275-4c94-8b82-60a07bc5b577','a8d48f32-5244-4416-adb9-eb3186d215d4');
insert into public.arclib_tool_ingest_issue_definition(tool_id,ingest_issue_definition_id) values('2f2aa04b-c275-4c94-8b82-60a07bc5b577','ae9c3f11-908a-4e78-9d83-387365a619f5');
insert into public.arclib_tool_ingest_issue_definition(tool_id,ingest_issue_definition_id) values('2f2aa04b-c275-4c94-8b82-60a07bc5b577','d36b245a-0407-44d5-882e-5afb0f6321cb');

insert into public.arclib_formats_revision_notification (id, created, updated, deleted, message, cron, job_id, creator_id) values ('9e787c0e-cc0b-4e72-b90e-26b3cb0085b6', '2018-12-03 09:37:39.154', '2018-12-03 09:37:39.166', null, 'string', '0 0 0 1 */6 ?', '9f9ea368-4f8b-4849-b0cd-954bf9b77569', '8ccec52b-fd85-49a4-bc0b-aaa56822701e');